id,gender,masterCategory,subCategory,articleType,baseColour,season,year,usage,productDisplayName
10268,Men,Footwear,Shoes,Formal Shoes,Black,Fall,2012,Formal,Clarks Men Hang Work Leather Black Formal Shoes
10866,Men,Apparel,Topwear,Tshirts,Red,Fall,2011,Casual,Wrangler Men Motor Rider Red T-Shirts
10065,Men,Apparel,Topwear,Tshirts,Yellow,Fall,2011,Casual,Puma Men ducati logo tee Yellow Tshirts
10859,Men,Apparel,Topwear,Tshirts,Navy Blue,Fall,2011,Casual,Wrangler Men Furious Rides Navy Blue T-Shirts
10257,Men,Apparel,Bottomwear,Trousers,Black,Fall,2011,Formal,John Miller Men Solid Type Black Trousers
10633,Men,Footwear,Shoes,Formal Shoes,Brown,Fall,2011,Formal,Carlton London Men Formal Brown Formal Shoes
10401,Women,Apparel,Topwear,Tops,Purple,Fall,2011,Casual,Jealous 21 Women Uaine Purple Tops
10861,Men,Apparel,Topwear,Tshirts,White,Fall,2011,Casual,Wrangler Men Dirt Riders White T-Shirts
10439,Men,Apparel,Topwear,Tshirts,Brown,Fall,2011,Casual,Flying Machine Men Walnut Brown Tshirts
10096,Women,Footwear,Shoes,Sports Shoes,Blue,Fall,2011,Sports,Reebok Women Reeflex Run Blue Sports Shoes
10406,Women,Apparel,Dress,Dresses,Grey,Fall,2011,Casual,United Colors of Benetton Women Solid Grey Dresses
10634,Men,Footwear,Shoes,Formal Shoes,Black,Winter,2012,Formal,Carlton London Men Black Oxford Wingtip Brogues
10250,Women,Accessories,Bags,Handbags,Brown,Winter,2015,Casual,Murcia Women Hahk Brown Handbags
10062,Men,Apparel,Topwear,Tshirts,Grey,Fall,2011,Casual,Puma Men Puma runhard tee Grey Tshirts
10857,Men,Apparel,Topwear,Tshirts,White,Fall,2011,Casual,Wrangler Men Rider Striper Polo White T-Shirts
10259,Men,Apparel,Bottomwear,Trousers,Black,Fall,2011,Formal,John Miller Men Reglur Black Trousers
10292,Women,Footwear,Shoes,Heels,Brown,Summer,2015,Casual,Clarks Women Brown Leather Heels
10266,Men,Footwear,Shoes,Casual Shoes,Brown,Fall,2011,Casual,Clarks Men Goto Hi Cola Suede Brown Shoes
10054,Boys,Apparel,Topwear,Tshirts,Blue,Summer,2011,Sports,Reebok Kids Kkr Boy's Premium Blue Jerseys
10430,Men,Apparel,Topwear,Shirts,Blue,Fall,2011,Casual,Flying Machine Men Ydc Blue Shirts
10602,Men,Apparel,Topwear,Tshirts,Red,Fall,2011,Sports,Nike Men Football Soccer Red Jerseys
10850,Men,Apparel,Topwear,Tshirts,Blue,Fall,2011,Casual,Wrangler Men Famous Filafil Blue T-Shirts
10408,Women,Apparel,Topwear,Tops,Black,Fall,2011,Casual,United Colors of Benetton Women Solid Black Tops
10098,Men,Accessories,Watches,Watches,White,Winter,2016,Casual,Fastrack Men Analogue Plastic White Watch
10605,Women,Accessories,Watches,Watches,Pink,Winter,2016,Casual,Esprit Women Houston Funny Pink Watches
10437,Men,Apparel,Topwear,Shirts,Green,Fall,2011,Casual,Flying Machine Men HS Green Shirts
10053,Women,Apparel,Topwear,Tshirts,Pink,Summer,2011,Casual,Gini And Jony Vini Romper Pink T-Shirts
10261,Men,Apparel,Bottomwear,Trousers,Brown,Fall,2011,Formal,John Miller Men Slim Brown Trousers
10295,Men,Footwear,Shoes,Casual Shoes,Brown,Summer,2016,Casual,Clarks Men Brown Leather Casual Shoes
10463,Men,Apparel,Topwear,Tshirts,Grey,Fall,2011,Casual,Flying Machine Men Grey Polo Tshirts
10235,Men,Accessories,Watches,Watches,Black,Winter,2016,Casual,Carrera Men Hexagaon Dial Black Watches
10007,Women,Apparel,Topwear,Tshirts,White,Fall,2011,Sports,Nike Women As Trophy Swo White T-Shirts
10497,Women,Apparel,Topwear,Tshirts,White,Fall,2011,Casual,Flying Machine Women RN HS White Tshirts
10804,Men,Footwear,Flip Flops,Flip Flops,White,Fall,2011,Casual,Wrangler Men Rider Solid White Shirts
10490,Men,Apparel,Topwear,Shirts,Navy Blue,Fall,2011,Casual,Flying Machine Men HS Blue Shirts
10000,Women,Apparel,Bottomwear,Skirts,White,Summer,2011,Casual,Palm Tree Girls Sp Jace Sko White Skirts
10656,Women,Apparel,Topwear,Tops,Pink,Fall,2011,Casual,Doodle Girl Little frock Pink Tops
10464,Men,Apparel,Topwear,Tshirts,Pink,Fall,2011,Casual,Flying Machine Men Mauvemist Pink Tshirts
10669,Men,Apparel,Topwear,Tshirts,Grey,Fall,2011,Casual,Doodle Boy Road Trip Grey Tshirts
10803,Men,Apparel,Topwear,Shirts,White,Fall,2011,Casual,Wrangler Men Dodge Broad Accent Check White Shirts
10694,Women,Apparel,Topwear,Tops,Pink,Fall,2011,Casual,Doodle Girl Be Born Pink Tops
10660,Women,Apparel,Bottomwear,Shorts,Blue,Fall,2011,Casual,Doodle Girl Hot shorts ice wash Blue Shorts
10452,Men,Apparel,Topwear,Tshirts,Grey,Fall,2011,Casual,Flying Machine Men HS Grey Tshirts
10204,Women,Accessories,Bags,Handbags,Purple,Winter,2015,Casual,Murcia Women Hahk Purple Handbags
10499,Women,Apparel,Topwear,Tshirts,Yellow,Fall,2011,Casual,Flying Machine Women Aspen Yellow Tshirts
10835,Men,Apparel,Topwear,Tshirts,Black,Fall,2011,Casual,Wrangler Men Black Polo Tshirts
10009,Men,Apparel,Topwear,Tshirts,Red,Fall,2011,Sports,Nike Men Town Round Red Neck T-Shirts
10203,Women,Accessories,Bags,Handbags,Red,Winter,2015,Casual,Murcia Women Hahk Red Handbags
10031,Men,Apparel,Topwear,Tshirts,Navy Blue,Fall,2011,Sports,Nike Men As Arsenal Co Navy Blue T-Shirts
10455,Men,Apparel,Topwear,Tshirts,Pink,Fall,2011,Casual,Flying Machine Men Mauvemist Purple Tshirts
10693,Women,Apparel,Topwear,Tops,Purple,Fall,2011,Casual,Doodle Girl Cute Purple Tops
10658,Women,Apparel,Topwear,Tops,White,Fall,2011,Casual,Doodle Girl Little frock White Tops
10832,Men,Apparel,Topwear,Tshirts,Green,Fall,2011,Casual,Wrangler Men American Music Folk Green T-Shirts
10099,Men,Accessories,Watches,Watches,Grey,Winter,2016,Casual,Fastrack Men Analogue Grey Watches
10851,Men,Apparel,Topwear,Tshirts,Brown,Fall,2011,Casual,Wrangler Men Applique Polo Brown T-Shirts
10409,Men,Apparel,Topwear,Tshirts,Green,Fall,2011,Casual,United Colors of Benetton Men Green Polo Tshirts
10294,Men,Footwear,Shoes,Formal Shoes,Brown,Fall,2012,Formal,Clarks Men Feeling Good Leather Brown Formal Shoes
10436,Men,Apparel,Topwear,Tshirts,Pink,Fall,2011,Casual,Flying Machine Men Pink Polo Tshirts
10604,Unisex,Accessories,Headwear,Caps,Red,Fall,2011,Sports,Nike Unisex Tennis Red Caps
10260,Men,Apparel,Bottomwear,Trousers,Grey,Fall,2011,Formal,John Miller Men Line Grey Trousers
10052,Women,Apparel,Bottomwear,Shorts,Black,Fall,2011,Casual,Puma Women Trunk Black Shorts
10258,Men,Apparel,Bottomwear,Trousers,Navy Blue,Fall,2011,Formal,John Miller Men Line Navy Blue Trousers
10856,Men,Apparel,Topwear,Tshirts,Black,Fall,2011,Casual,Wrangler Men Black Polo Tshirts
10869,Men,Apparel,Topwear,Tshirts,White,Fall,2011,Casual,Wrangler Men Fly The Wind White T-Shirts
10267,Men,Footwear,Shoes,Casual Shoes,Black,Fall,2011,Casual,Clarks Men Rocco Fuse Black Leather Black Casual Shoes
10603,Unisex,Accessories,Headwear,Caps,Grey,Fall,2011,Sports,Nike Unisex Tennis Grey Caps
10431,Men,Apparel,Topwear,Shirts,Grey,Fall,2011,Casual,Flying Machine Men Ydc Grey Shirts
10293,Men,Footwear,Sandal,Sandals,Brown,Spring,2012,Casual,Clarks Men Unstructured Leather Brown Sandals
10438,Men,Apparel,Bottomwear,Jeans,Blue,Fall,2011,Casual,Flying Machine Men Midrise Blue Jeans
10635,Men,Footwear,Shoes,Casual Shoes,Black,Fall,2011,Casual,Carlton London Men Semi oxfords Black Casual Shoes
10407,Men,Apparel,Topwear,Shirts,Grey,Fall,2011,Formal,United Colors of Benetton Men Solid Grey Shirts
10063,Men,Apparel,Topwear,Tshirts,Yellow,Fall,2011,Casual,Puma Men spine tee Yellow Tshirts
10097,Men,Footwear,Shoes,Sports Shoes,White,Fall,2011,Sports,Reebok Men Reeflex Run White Sports Shoes
10867,Men,Apparel,Topwear,Tshirts,Navy Blue,Fall,2011,Casual,Wrangler Men Navy Blue Tough Service Navy T-shirt
10269,Women,Footwear,Shoes,Flats,Red,Winter,2013,Casual,Clarks Women Silvi Spice Raspberry Leather Red Flats
10256,Men,Apparel,Topwear,Shirts,Green,Fall,2011,Casual,Locomotive Men Stripes Green Shirts
10858,Men,Apparel,Topwear,Tshirts,White,Fall,2011,Casual,Wrangler Men Furious Rides White T-Shirts
10064,Men,Apparel,Topwear,Tshirts,Yellow,Fall,2011,Casual,Puma Men puma shield tee Yellow Tshirts
10400,Women,Accessories,Watches,Watches,Black,Winter,2016,Casual,Puma Women Flux Shadow  266 Black Watches
10632,Men,Footwear,Shoes,Casual Shoes,Brown,Winter,2012,Casual,Carlton London Men Brown Shoes
10692,Men,Apparel,Topwear,Tshirts,Red,Fall,2011,Casual,Doodle Boy Casual Red Tshirts
10030,Women,Apparel,Topwear,Tshirts,Black,Fall,2011,Sports,Nike Women As See The Win Black T-Shirts
10202,Women,Accessories,Bags,Handbags,Green,Winter,2015,Casual,Murcia Women Asjke Green Green Handbags
10454,Men,Apparel,Topwear,Tshirts,Yellow,Fall,2011,Casual,Flying Machine Men Gloden Haze Yellow Tshirts
10833,Men,Apparel,Topwear,Tshirts,Red,Fall,2011,Casual,Wrangler Men Rope Embro Polo Red T-Shirt
10453,Men,Apparel,Topwear,Tshirts,Yellow,Fall,2011,Casual,Flying Machine Men Gloden Haze Yellow Tshirts
10661,Women,Apparel,Bottomwear,Shorts,Blue,Fall,2011,Casual,Doodle Girl Hot  Ice Wash Blue Shorts
10205,Women,Accessories,Bags,Handbags,Brown,Winter,2015,Casual,Murcia Women Rubena Brown Handbags
10037,Men,Footwear,Shoes,Sports Shoes,Silver,Fall,2011,Sports,Reebok Men Premier ultra 8 U-form Silver Sports Shoes
10008,Men,Apparel,Topwear,Tshirts,Navy Blue,Fall,2011,Sports,Nike Men Town Navy Blue T-Shirts
10834,Men,Apparel,Topwear,Tshirts,Grey,Fall,2011,Casual,Wrangler Men Grey Polo Tshirts
10498,Women,Apparel,Topwear,Tops,Navy Blue,Fall,2011,Casual,Flying Machine Women RN Blue Tops
10001,Women,Apparel,Bottomwear,Skirts,Blue,Summer,2011,Casual,Palm Tree Kids Girls Sp Jema Skt Blue Skirts
10465,Men,Apparel,Topwear,Tshirts,Purple,Fall,2011,Casual,Flying Machine Men Paisley Purple Tshirts
10491,Women,Apparel,Topwear,Tshirts,White,Fall,2011,Casual,Flying Machine Women HS White Tshirts
10802,Men,Apparel,Topwear,Shirts,Blue,Fall,2011,Casual,Wrangler Men Dodge Broad Accent Check Blue Shirt
10496,Women,Apparel,Topwear,Tshirts,White,Fall,2011,Casual,Flying Machine Women RN White Tshirts
10650,Men,Apparel,Topwear,Shirts,Blue,Fall,2011,Casual,Doodle Boy Grand Prix Navy Blue Shirt
10462,Men,Apparel,Topwear,Tshirts,White,Fall,2011,Casual,Flying Machine Men White Polo Tshirts
10006,Men,Apparel,Topwear,Tshirts,Black,Fall,2011,Sports,Nike Men AS T90 Black Tshirts
10039,Men,Footwear,Shoes,Sports Shoes,White,Fall,2011,Sports,Reebok Men Raceon White Sports Shoes
10805,Men,Apparel,Topwear,Shirts,Black,Fall,2011,Casual,Wrangler Men Rider Solid Black Shirts
10379,Women,Apparel,Topwear,Tshirts,Red,Fall,2011,Casual,United Colors of Benetton Women Solid Red T-shirt
10174,Men,Footwear,Shoes,Casual Shoes,Black,Fall,2011,Casual,United Colors Of Benetton Men Latnam Black Casual Shoes
10346,Women,Apparel,Topwear,Tshirts,Purple,Fall,2011,Casual,United Colors of Benetton Women Printed Purple Tshirts
10722,Men,Apparel,Topwear,Tshirts,White,Summer,2011,Casual,Nike Men Casual short sleeve tshirt White Tshirts
10510,Women,Apparel,Topwear,Tshirts,Grey,Fall,2011,Casual,Flying Machine Women RN HS Grey Tshirts
10180,Men,Footwear,Flip Flops,Flip Flops,Yellow,Fall,2011,Casual,United Colors of Benetton Men Speeder Yellow Flip Flops
10187,Men,Apparel,Topwear,Shirts,Black,Fall,2011,Casual,Indigo Nation Men Hot Stepper Black Blue Shirts
10517,Men,Footwear,Shoes,Sports Shoes,White,Fall,2011,Sports,New Balance MC900 Men Others Tennis White Sports Shoes
10725,Women,Accessories,Bags,Handbags,Green,Winter,2015,Casual,Murcia Women Green Green Handbags
10341,Men,Apparel,Topwear,Tshirts,Pink,Fall,2011,Casual,United Colors of Benetton Men Printed Pink Tshirts
10173,Men,Footwear,Sandal,Sandals,Brown,Fall,2011,Casual,United Colors of Benetton Men Tango Brown Sandals
10348,Women,Apparel,Topwear,Tshirts,Yellow,Fall,2011,Casual,United Colors of Benetton Women Printed Yellow T-shirt
10383,Men,Accessories,Watches,Watches,White,Winter,2016,Casual,Puma Men Star Dust 145 White Watches
10377,Men,Apparel,Topwear,Tshirts,White,Fall,2011,Casual,United Colors of Benetton Men Printed White Tshirts
10145,Men,Footwear,Shoes,Formal Shoes,Brown,Fall,2011,Formal,Rockport Men Drsp Wingtip Brown Formal Shoes
10713,Women,Apparel,Bottomwear,Capris,Blue,Winter,2011,Sports,Nike Women Blue Dri-Fit Capris
10189,Men,Apparel,Topwear,Shirts,Blue,Fall,2011,Casual,Indigo Nation Men Hot Stepper Blue Shirts
10714,Women,Apparel,Bottomwear,Track Pants,Black,Summer,2011,Sports,Nike Women Trainng track pants Black Track Pants
10142,Men,Footwear,Shoes,Casual Shoes,Brown,Fall,2011,Casual,Rockport Men Captoe Brown Casual Shoes
10370,Women,Apparel,Topwear,Tshirts,White,Fall,2011,Casual,United Colors of Benetton Women White T-shirt
10384,Women,Accessories,Watches,Watches,Purple,Winter,2016,Casual,Puma Women Fluctuation Stones 159 Blue Watch
10572,Men,Apparel,Topwear,Sweaters,Red,Fall,2011,Casual,Puma Men Knitted Red Sweaters
10740,Unisex,Footwear,Flip Flops,Flip Flops,Green,Winter,2012,Casual,Disney Unisex Kids Pluto Green Flip Flops
10324,Women,Apparel,Topwear,Tops,Black,Fall,2011,Casual,Puma Women Heather USP Black Tshirts
10129,Men,Footwear,Shoes,Formal Shoes,Brown,Fall,2011,Formal,Rockport Men Jefford Brown Formal Shoes
10581,Men,Accessories,Watches,Watches,Steel,Winter,2016,Casual,Esprit Men Athletic Black Steel Watches
10111,Men,Footwear,Shoes,Sports Shoes,Silver,Fall,2011,Sports,Reebok Men Premier road supreme 2 Silver Sports Shoes
10323,Women,Accessories,Bags,Handbags,Black,Winter,2015,Casual,Murcia Women Lambretta Green Black Handbags
10747,Unisex,Footwear,Sandal,Sandals,Pink,Winter,2012,Casual,Disney Unisex Kids Daisy Pink Sandals
10575,Women,Apparel,Topwear,Tshirts,Pink,Fall,2011,Casual,Puma Women Ess Pink Polo Tshirts
10778,Men,Apparel,Bottomwear,Shorts,Navy Blue,Summer,2011,Sports,Nike Men Training Navy Blue Shorts
10785,Unisex,Accessories,Headwear,Caps,Grey,Fall,2011,Sports,Nike Unisex Runng Grey Caps
10771,Girls,Footwear,Shoes,Casual Shoes,Red,Winter,2012,Casual,Disney Kids Red Casual Shoes
10127,Men,Footwear,Shoes,Casual Shoes,Brown,Fall,2011,Casual,Rockport Men Espresso Brown Casual Shoes
10315,Women,Accessories,Watches,Watches,Gold,Winter,2016,Casual,Esprit Women Rough Chic Gold Watch
10588,Men,Accessories,Watches,Watches,Black,Winter,2016,Casual,Carrera Men Round Dial PU Strap Black Watches
10312,Women,Accessories,Watches,Watches,Silver,Winter,2016,Casual,Esprit Women Spark Black White Silver Watches
10776,Men,Apparel,Topwear,Tshirts,Red,Summer,2011,Sports,Nike Men Athletic Red Tshirts
10749,Unisex,Footwear,Flip Flops,Flip Flops,Red,Winter,2012,Casual,Disney Unisex Kids Mickey Star Red Flip Flops
10188,Men,Apparel,Topwear,Shirts,Blue,Fall,2011,Casual,Indigo Nation Men   Blue & White Stripe Shirt
10385,Women,Accessories,Watches,Watches,White,Winter,2016,Casual,Puma Women Vitality Stones 168 White Watches
10715,Women,Apparel,Topwear,Tops,Black,Fall,2011,Casual,Nike Women Training sports bra Black Tops
10371,Men,Apparel,Topwear,Sweatshirts,Black,Fall,2011,Casual,United Colors of Benetton Men Printed Black Sweatshirt
10143,Men,Footwear,Shoes,Formal Shoes,Brown,Fall,2011,Formal,Rockport Men Moc Front Brown Formal Shoes
10144,Men,Footwear,Shoes,Casual Shoes,Brown,Fall,2011,Casual,Rockport Men Drsp Wingtip Brown Casual Shoes
10376,Men,Apparel,Topwear,Tshirts,Blue,Fall,2011,Casual,United Colors of Benetton Men Printed Blue Tshirts
10712,Women,Apparel,Topwear,Tshirts,Blue,Fall,2011,Casual,Nike Women Casual short sleeve tshirt Blue Tshirts
10382,Women,Apparel,Topwear,Tops,Grey,Fall,2011,Casual,United Colors of Benetton Women Grey Top
10724,Women,Accessories,Bags,Handbags,Black,Winter,2015,Casual,Murcia Women Black Black Handbags
10172,Men,Footwear,Shoes,Casual Shoes,Grey,Fall,2011,Casual,United Colors of Benetton Men Iceland Grey Casual Shoes
10340,Women,Apparel,Topwear,Tshirts,Green,Fall,2011,Casual,United Colors of Benetton Women Green Polo T-shirt
10186,Men,Apparel,Topwear,Shirts,Black,Fall,2011,Casual,Indigo Nation Men Black & Blue Stripe Shirt
10378,Men,Apparel,Topwear,Tshirts,Black,Fall,2011,Casual,United Colors of Benetton Men Printed Black Tshirts
10181,Women,Accessories,Watches,Watches,Black,Winter,2016,Casual,Puma Women Pliancy Black Watches
10347,Men,Apparel,Topwear,Tshirts,Purple,Fall,2011,Casual,United Colors of Benetton Men Printed Purple Tshirts
10175,Men,Footwear,Shoes,Casual Shoes,Black,Fall,2011,Casual,United Colors of Benetton Men Wango Black Casual Shoes
10511,Women,Apparel,Topwear,Tops,Black,Fall,2011,Casual,Flying Machine Women RN Black Tshirts
10723,Men,Apparel,Topwear,Tshirts,White,Summer,2012,Sports,Nike Men Trainng Men's tshirt White Tshirts
10783,Men,Footwear,Shoes,Sports Shoes,White,Fall,2011,Sports,New Balance M364 Men Others Xtraining White Sports Shoes
10313,Women,Accessories,Watches,Watches,Steel,Winter,2016,Casual,Esprit Women Cool Chic White Steel Watches
10777,Women,Apparel,Topwear,Jackets,Purple,Summer,2011,Sports,Nike Women Hooded Purple Jacket
10748,Unisex,Footwear,Flip Flops,Flip Flops,Navy Blue,Winter,2012,Casual,Disney Unisex Kids Basic Navy Blue Flip Flops
10770,Girls,Footwear,Shoes,Casual Shoes,Red,Winter,2012,Casual,Disney Kids Red Casual Shoes
10314,Women,Accessories,Watches,Watches,Steel,Winter,2016,Casual,Esprit Women E-Ffect Black With White Dial Steel Watch
10126,Men,Footwear,Shoes,Sports Shoes,White,Fall,2011,Sports,Reebok Men Runtone Action White Sports Shoes
10784,Unisex,Accessories,Headwear,Caps,Black,Fall,2011,Sports,Nike Unisex Runng Black Caps
10322,Women,Accessories,Bags,Handbags,Black,Winter,2015,Casual,Murcia Women Lambretta Black Green Handbags
10110,Women,Footwear,Shoes,Sports Shoes,White,Fall,2011,Sports,Reebok Women Instant White Sports Shoes
10574,Men,Apparel,Topwear,Tshirts,Navy Blue,Fall,2011,Casual,Puma Men Bts Navy Blue Tshirts
10746,Unisex,Footwear,Flip Flops,Flip Flops,Purple,Winter,2012,Casual,Disney Unisex Kids Princess Heart Purple Flip Flops
10580,Men,Accessories,Watches,Watches,Copper,Winter,2016,Casual,Esprit Men Athletic Rosegold Copper Watches
10587,Men,Accessories,Watches,Watches,White,Winter,2016,Casual,Carrera Men Careera dial steel strap patch White Watches
10741,Unisex,Footwear,Flip Flops,Flip Flops,Yellow,Winter,2012,Casual,Disney Unisex Kids Mickey Mouse Yellow Flip Flops
10573,Men,Apparel,Topwear,Tshirts,Navy Blue,Fall,2011,Casual,Puma Men Heritage Navy Blue Polo Tshirts
10117,Men,Footwear,Shoes,Sports Shoes,Silver,Fall,2011,Sports,Reebok Men Premier Zigfly Silver Sports Shoes
10325,Men,Accessories,Watches,Watches,Black,Winter,2016,Casual,Puma Men Atlantis Black Watches
10128,Men,Footwear,Shoes,Formal Shoes,Black,Fall,2011,Formal,Rockport Men Drsp Wingtip Black Formal Shoes
10338,Men,Apparel,Topwear,Tshirts,White,Fall,2011,Casual,United Colors of Benetton Men Solid Polo White Tshirts
10797,Men,Apparel,Topwear,Shirts,White,Fall,2011,Casual,Wrangler Men Urban Big Check White Shirts
10307,Women,Footwear,Shoes,Flats,Silver,Fall,2011,Casual,Clarks Women Arizona Metallic Leather Silver Ballerinas
10135,Women,Accessories,Watches,Watches,Silver,Winter,2016,Casual,Esprit Women Lissomy Glam White Silver Watches
10763,Men,Apparel,Topwear,Tshirts,Blue,Summer,2012,Sports,Nike Men Trainng Blue T-shirt
10569,Women,Apparel,Topwear,Tops,White,Fall,2011,Casual,Puma Women Ess White Polo Tshirts
10764,Men,Apparel,Topwear,Tshirts,Black,Fall,2011,Casual,Puma Men Bts Black Tshirts
10300,Men,Footwear,Sandal,Sandals,Brown,Summer,2016,Casual,Clarks Men Brown Wild Vibe Leather Closed Sandals
10790,Men,Apparel,Topwear,Shirts,Blue,Fall,2011,Casual,Wrangler Men Manitoba Piping Blue Shirts
10309,Women,Footwear,Shoes,Flats,White,Winter,2013,Casual,Clarks Women White Leather Flats
10799,Men,Apparel,Topwear,Shirts,Navy Blue,Fall,2011,Casual,Wrangler Men Wander Wheels Navy Blue Shirts
10104,Men,Footwear,Shoes,Sports Shoes,Black,Fall,2011,Sports,Reebok Men Buckets VI Black Sports Shoes
10336,Women,Apparel,Topwear,Tops,Black,Fall,2011,Casual,United Colors of Benetton Women Stripes Black Tops
10752,Men,Apparel,Topwear,Tshirts,White,Fall,2011,Sports,Nike Men Hell With White Tshirts
10594,Women,Accessories,Watches,Watches,Pink,Winter,2016,Casual,Esprit Women Houston Funky Pink Pink Watches
10593,Women,Accessories,Watches,Watches,Purple,Winter,2016,Casual,Esprit Women Houston Purple Ice Purple Watches
10567,Women,Apparel,Topwear,Tshirts,Pink,Fall,2011,Casual,Puma Women Striped Polo Pink Tshirts
10755,Women,Footwear,Shoes,Casual Shoes,Pink,Winter,2012,Casual,Disney Kids Princess Heart Pink Casual Shoes
10331,Men,Accessories,Belts,Belts,Black,Fall,2011,Casual,Indigo Nation Men basalt Black Belts
10391,Men,Accessories,Watches,Watches,Black,Winter,2016,Casual,Puma Men Drift 244 Black Watches
10701,Women,Accessories,Watches,Watches,Steel,Winter,2016,Casual,Esprit Women Silver Houston Steel Watches
10533,Men,Footwear,Shoes,Sports Shoes,Black,Fall,2011,Sports,New Balance MW631 Men Others Walking Black Sports Shoes
10157,Unisex,Footwear,Flip Flops,Flip Flops,Blue,Fall,2011,Casual,Puma Unisex Puma Flips Blue Flip Flops
10365,Women,Apparel,Dress,Dresses,Black,Fall,2011,Casual,United Colors of Benetton Women Short Black Dresses
10168,Men,Footwear,Shoes,Casual Shoes,Black,Fall,2011,Casual,United Colors of Benetton Men Punk Black Casual Shoes
10362,Women,Apparel,Topwear,Tshirts,Purple,Fall,2011,Casual,United Colors of Benetton Women Purple Polo T-shirt
10150,Men,Footwear,Shoes,Formal Shoes,Black,Fall,2011,Formal,Rockport Men Drsp Plaintoe Black Formal Shoes
10706,Women,Accessories,Watches,Watches,Gold,Winter,2016,Casual,Esprit Women Lissomy Two Tone Gold Watches
10396,Men,Accessories,Watches,Watches,Black,Winter,2016,Sports,Puma Men Atlantis All Black Watches
10998,Men,Accessories,Watches,Watches,Black,Winter,2016,Sports,Puma Men Blockbuster Red Black Watches
10739,Unisex,Footwear,Flip Flops,Flip Flops,Black,Winter,2012,Casual,Disney Unisex Kids Basic Black Flip Flops
10502,Women,Apparel,Topwear,Tshirts,Blue,Fall,2011,Casual,Flying Machine Women Ocean Blue Tshirts
10730,Women,Accessories,Bags,Handbags,Grey,Winter,2015,Casual,Murcia Women Lorra Grey Grey Handbags
10354,Women,Apparel,Topwear,Tops,Blue,Fall,2011,Casual,United Colors of Benetton Women Checks Blue Tops
10166,Men,Footwear,Flip Flops,Flip Flops,Red,Fall,2011,Casual,United Colors of Benetton Men Carribean Red Flip Flops
10192,Men,Accessories,Watches,Watches,Steel,Winter,2016,Casual,Esprit Men Avalance Black Steel Watches
10159,Men,Footwear,Shoes,Casual Shoes,White,Fall,2011,Casual,Puma Men 917 Mid Spill White Casual Shoes
10991,Men,Apparel,Topwear,Tshirts,Brown,Fall,2011,Casual,Inkfruit Men Havy Metal Brown Tshirts
10195,Men,Accessories,Watches,Watches,Blue,Winter,2016,Casual,Carrera Men Steel strap dial Blue Watches
10161,Men,Footwear,Shoes,Sports Shoes,White,Fall,2011,Sports,Puma Men Cabana Racer White Sports Shoes
10737,Women,Accessories,Bags,Handbags,Black,Winter,2015,Casual,Murcia Women Hmzaab Black Handbags
10505,Women,Apparel,Topwear,Tshirts,Yellow,Fall,2011,Casual,Flying Machine Women RN HS Yellow Tshirts
10398,Men,Accessories,Watches,Watches,Black,Winter,2016,Sports,Puma Men Cardiac II Black Watches
10996,Men,Apparel,Topwear,Tshirts,Brown,Fall,2011,Casual,Inkfruit Men Too Drunk Brown Tshirts
10708,Men,Apparel,Topwear,Tshirts,Black,Fall,2011,Casual,Nike Men Logo T-shirt Black Tshirts
10754,Unisex,Footwear,Flip Flops,Flip Flops,Blue,Winter,2012,Casual,Disney Unisex Kids Mickey Star Blue Flip Flops
10566,Men,Apparel,Topwear,Tshirts,Grey,Fall,2011,Casual,Puma Men Rugby Grey Tshirts
10102,Men,Footwear,Shoes,Sports Shoes,Black,Fall,2011,Sports,Reebok Men Premier Verona Supreme 2 Black Sports Shoes
10330,Men,Accessories,Belts,Belts,Black,Fall,2011,Casual,Indigo Nation Men Alnoite Black Belts
10308,Men,Footwear,Shoes,Casual Shoes,Brown,Fall,2012,Casual,Clarks Men Brown Leather Boat Shoes
10595,Women,Free Items,Free Gifts,Free Gifts,Grey,Winter,2016,Casual,Esprit Women Cascade Grey Dial Watch
10105,Women,Accessories,Watches,Watches,Steel,Winter,2016,Casual,Fastrack Women Analogue Leather Steel Watches
10753,Unisex,Footwear,Flip Flops,Flip Flops,Navy Blue,Winter,2012,Casual,Disney Unisex Kids Basic Navy Blue Flip Flops
10568,Men,Apparel,Topwear,Sweaters,Navy Blue,Fall,2011,Casual,Puma Men Knitted Navy Blue Sweater
10791,Men,Apparel,Topwear,Shirts,Black,Fall,2011,Casual,Wrangler Men Manitoba Piping Black Shirts
10765,Unisex,Footwear,Flip Flops,Flip Flops,Navy Blue,Winter,2012,Casual,Disney Unisex Kids Basic Navy Blue Flip Flops
10301,Men,Footwear,Shoes,Casual Shoes,Brown,Fall,2011,Casual,Clarks Brown Leather Casual Shoes
10133,Women,Accessories,Watches,Watches,Silver,Winter,2016,Casual,Esprit Women Rough Chic Black Silver Watches
10339,Women,Apparel,Topwear,Tshirts,Black,Fall,2011,Casual,United Colors of Benetton Women Black Polo T-shirt
10134,Women,Accessories,Watches,Watches,Silver,Winter,2016,Casual,Esprit Women Lissomy Glam Black Silver Watches
10306,Men,Footwear,Shoes,Casual Shoes,Grey,Fall,2011,Casual,Clarks Men Rocco Fuse Leather Grey Casual Shoes
10762,Unisex,Footwear,Flip Flops,Flip Flops,Yellow,Winter,2012,Casual,Disney Unisex Kids Basic Yellow Flip Flops
10796,Men,Apparel,Topwear,Shirts,Red,Fall,2011,Casual,Wrangler Men Warnick Square Block Red Shirts
10352,Men,Apparel,Topwear,Shirts,White,Fall,2011,Casual,United Colors of Benetton Men Solid White Shirts
10160,Men,Footwear,Shoes,Casual Shoes,White,Fall,2011,Casual,Puma Men 917 Lo Paint Splatter White Casual Shoes
10504,Women,Apparel,Topwear,Tshirts,White,Fall,2011,Casual,Flying Machine Women RN HS White Tshirts
10736,Women,Accessories,Bags,Handbags,Red,Winter,2015,Casual,Murcia Women Mcc Red Red Handbags
10194,Men,Accessories,Watches,Watches,Black,Winter,2016,Casual,Carrera Men Sqaure dial leather strap Black Watches
10709,Women,Apparel,Topwear,Tshirts,Purple,Fall,2011,Sports,Nike Women Trainng short sleeve tshirt Purple Tshirts
10997,Men,Accessories,Watches,Watches,Silver,Winter,2016,Casual,Puma Men Track White Silver Watches
10399,Men,Accessories,Watches,Watches,Black,Winter,2016,Casual,Puma Men Cardiac 209 Black Watches
10193,Men,Accessories,Watches,Watches,Black,Winter,2016,Casual,Carrera Men Dial Green Numbers Black Watch
10731,Women,Accessories,Bags,Handbags,Brown,Winter,2015,Casual,Murcia Women Lorra Coffee Brown Handbags
10503,Women,Apparel,Topwear,Tshirts,White,Fall,2011,Casual,Flying Machine Women RN HS White Tshirts
10167,Men,Footwear,Shoes,Casual Shoes,Black,Fall,2011,Casual,United Colors of Benetton Men Nighthawk Black Casual Shoes
10355,Men,Apparel,Topwear,Shirts,Blue,Fall,2011,Formal,United Colors of Benetton Men Stripes Blue Shirts
10990,Women,Apparel,Topwear,Tshirts,Pink,Fall,2011,Casual,Inkfruit Women Irritating Pink Tshirts
10158,Men,Footwear,Shoes,Casual Shoes,Black,Fall,2011,Casual,Puma Men 917 Lo Feuer Black Casual Shoes
10999,Men,Accessories,Watches,Watches,Black,Winter,2016,Casual,Puma Men Rod Yellow Black Watches
10397,Men,Accessories,Watches,Watches,Black,Winter,2016,Casual,Puma Men Slick Gents 3 Black Watches
10151,Men,Footwear,Shoes,Formal Shoes,Black,Fall,2011,Formal,Rockport Men Drsp Slip On Black Formal Shoes
10363,Women,Apparel,Topwear,Tops,Grey,Fall,2011,Casual,United Colors of Benetton Women Solid Grey Tops
10707,Women,Accessories,Watches,Watches,Gold,Winter,2016,Casual,Esprit Women Open Link Gold Gold Watch
10738,Women,Accessories,Watches,Watches,Pink,Winter,2016,Casual,Puma Women Slick Ladies 3HD Pink Pink Watches
10700,Women,Accessories,Watches,Watches,Steel,Winter,2016,Casual,Esprit Women Pure Black Glam Rock Houston Steel Watches
10364,Men,Apparel,Topwear,Tshirts,Magenta,Fall,2011,Casual,United Colors of Benetton Men Solid Magenta T-shirt
10156,Men,Footwear,Shoes,Casual Shoes,Brown,Fall,2011,Casual,Rockport Men Sc Slip On Brown Casual Shoes
10390,Women,Accessories,Watches,Watches,White,Winter,2016,Casual,Puma Women Finesse 233 White Watches
10169,Men,Footwear,Shoes,Casual Shoes,Brown,Fall,2011,Casual,United Colors of Benetton Men HIghlander Brown Casual Shoes
10827,Men,Apparel,Topwear,Tshirts,White,Fall,2011,Casual,Wrangler Men White Celebrate Indigo T-shirt
10229,Women,Accessories,Bags,Handbags,Black,Winter,2015,Casual,Murcia Women Hths Black Handbags
10216,Women,Accessories,Bags,Handbags,Green,Winter,2015,Casual,Murcia Women Hths Green Handbags
10024,Women,Apparel,Topwear,Tshirts,Black,Fall,2011,Sports,Nike Women As Make Yours Black T-Shirts
10818,Men,Apparel,Topwear,Shirts,Red,Fall,2011,Casual,Wrangler Men Urban Raiser Red Shirts
10440,Men,Apparel,Topwear,Shirts,Navy Blue,Fall,2011,Casual,Flying Machine Men Ydc Green Shirts
10672,Girls,Apparel,Topwear,Tops,Purple,Fall,2011,Casual,Doodle Girls Little song board Purple Tops
10820,Men,Apparel,Topwear,Shirts,Navy Blue,Fall,2011,Casual,Wrangler Men City Work Navy Blue Shirts
10478,Men,Apparel,Topwear,Shirts,Maroon,Fall,2011,Casual,Flying Machine Men Ydc Maroon Shirts
10675,Women,Apparel,Topwear,Tops,Black,Fall,2011,Casual,Doodle Girl Princess Black Tops
10447,Men,Apparel,Topwear,Tshirts,Yellow,Fall,2011,Casual,Flying Machine Men Yellow Polo Tshirts
10023,Women,Apparel,Bottomwear,Track Pants,Grey,Fall,2011,Sports,Nike Women Regular Grey Track Pants
10211,Women,Accessories,Bags,Handbags,Grey,Winter,2015,Casual,Murcia Women Lambretta Grey Handbags
10681,Men,Apparel,Topwear,Tshirts,Grey,Fall,2011,Casual,United Colors of Benetton Men Printed Grey Tshirts
10816,Men,Apparel,Topwear,Shirts,Red,Fall,2011,Casual,Wrangler Men Country Eagle Red Shirt
10015,Men,Apparel,Topwear,Tshirts,White,Fall,2011,Casual,Locomotive Men American Glory White Tshirts
10829,Men,Apparel,Topwear,Tshirts,Blue,Fall,2011,Casual,Wrangler Men Blue Polo Tshirts
10227,Women,Accessories,Bags,Handbags,Purple,Winter,2015,Casual,Murcia Women SLB Bag Purple Handbags
10643,Men,Apparel,Topwear,Tshirts,Blue,Fall,2011,Casual,Doodle Boy D Print Blue Tshirts
10471,Men,Apparel,Topwear,Tshirts,Red,Fall,2011,Casual,Flying Machine Men Chrysanthemum Red Tshirts
10485,Men,Apparel,Bottomwear,Jeans,Blue,Fall,2011,Casual,Flying Machine Men Midrise Blue Jeans
10811,Men,Apparel,Topwear,Shirts,Red,Fall,2011,Casual,Wrangler Men Rodeo 47 Tab Pkt Red Shirts
10449,Men,Apparel,Topwear,Tshirts,Black,Fall,2011,Casual,Flying Machine Men Black Polo Tshirts
10482,Men,Apparel,Topwear,Shirts,Blue,Fall,2011,Casual,Flying Machine Men Ydc Blue Shirts
10476,Men,Apparel,Topwear,Shirts,Pink,Fall,2011,Casual,Flying Machine Men Ydc Pink Shirts
10644,Men,Apparel,Topwear,Tshirts,Blue,Fall,2011,Casual,Doodle Boy D Print Blue Tshirts
10220,Women,Accessories,Bags,Handbags,Pink,Winter,2015,Casual,Murcia Women Mary Pink Handbags
10012,Men,Apparel,Bottomwear,Track Pants,Navy Blue,Fall,2011,Sports,Nike Men's Breakli Navy Blue Track Pants
10280,Women,Footwear,Shoes,Flats,Black,Fall,2012,Casual,Clarks Women Prize Club Leather Black Wedges
10610,Men,Apparel,Topwear,Tshirts,Blue,Fall,2011,Casual,Flying Machine Men Green Polo Tshirts
10046,Men,Apparel,Topwear,Tshirts,Green,Fall,2011,Casual,Puma Men Heroes Graphic Green Tshirts
10274,Men,Footwear,Shoes,Formal Shoes,Black,Fall,2011,Formal,Clarks Men Dino Limit Leather Black Formal Shoes
10845,Men,Apparel,Topwear,Tshirts,Red,Fall,2011,Casual,Wrangler Men Falcon Print Red T-Shirts
10079,Unisex,Footwear,Sandal,Sandals,Black,Fall,2011,Casual,Reebok Unisex Twist Black Sandals
10273,Men,Footwear,Sandal,Sandals,Black,Summer,2016,Casual,Clarks Men Black Leather Closed Sandals
10041,Women,Apparel,Topwear,Tshirts,Brown,Fall,2011,Sports,Nike Women Brown Polo T-shirt
10425,Men,Apparel,Topwear,Shirts,Green,Fall,2011,Casual,United Colors of Benetton Men Checks Green Shirt
10287,Women,Footwear,Shoes,Flats,Silver,Winter,2013,Casual,Clarks Women Leather Silver Flats
10628,Men,Footwear,Shoes,Casual Shoes,Navy Blue,Winter,2012,Casual,Carlton London Men CL Casual Navy Blue Casual Shoes
10842,Men,Apparel,Topwear,Tshirts,Grey,Fall,2011,Casual,Wrangler Men Celebrate Polo Grey T-Shirt
10413,Men,Apparel,Topwear,Tshirts,Grey,Fall,2011,Casual,United Colors of Benetton Men Printed Grey Tshirts
10621,Women,Footwear,Shoes,Flats,Silver,Spring,2013,Casual,Carlton London Women Silver Solid Open Toe
10245,Women,Accessories,Bags,Handbags,Green,Winter,2015,Casual,Murcia Women TMK Green Green Handbags
10083,Men,Footwear,Flip Flops,Flip Flops,Green,Fall,2011,Casual,Reebok Men Hanavi II Green Flip Flops
10874,Men,Apparel,Topwear,Tshirts,Navy Blue,Fall,2011,Casual,Wrangler Men Wrangler Station Navy Blue T-Shirts
10048,Men,Apparel,Topwear,Tshirts,Black,Fall,2011,Casual,Puma Men Social Sport Black Tshirts
10880,Men,Apparel,Topwear,Tshirts,Navy Blue,Fall,2011,Casual,Wrangler Men All The Way Photo Print Navy Blue T-Shirts
10070,Women,Apparel,Topwear,Tshirts,Pink,Fall,2011,Casual,Puma Women Large logo tee Pink Tshirts
10242,Women,Accessories,Bags,Handbags,Grey,Winter,2015,Casual,Murcia Women Mary Grey Handbags
10626,Men,Footwear,Shoes,Casual Shoes,Green,Winter,2012,Casual,Carlton London Men CL Casual Green Casual Shoes
10414,Women,Apparel,Topwear,Tshirts,Purple,Fall,2011,Casual,United Colors of Benetton Women Solid Purple T-shirt
10289,Women,Footwear,Shoes,Heels,Black,Fall,2012,Casual,Clarks Women Soma Silk Leather Black Heels
10619,Women,Footwear,Shoes,Flats,Silver,Spring,2013,Casual,Carlton London Women Silver Flats
10873,Men,Apparel,Topwear,Tshirts,Grey,Fall,2011,Casual,Wrangler Men Wrangler Station Grey T-Shirts
10810,Men,Apparel,Topwear,Shirts,Blue,Fall,2011,Casual,Wrangler Men Mark Rodeo Riveted Blue Shirts
10448,Men,Apparel,Topwear,Tshirts,Grey,Fall,2011,Casual,Flying Machine Men Grey Polo Tshirts
10645,Men,Apparel,Topwear,Tshirts,Red,Fall,2011,Casual,Doodle Boy Athlethic Red Tshirts
10477,Men,Apparel,Topwear,Shirts,Blue,Fall,2011,Casual,Flying Machine Men Ydc Blue Shirts
10013,Men,Apparel,Topwear,Tshirts,Yellow,Fall,2011,Sports,Nike Men As Ss Cruiser Yellow T-Shirts
10221,Women,Accessories,Bags,Handbags,Green,Winter,2015,Casual,Murcia Women Emma Green Handbags
10483,Men,Apparel,Topwear,Tshirts,Pink,Fall,2011,Casual,Flying Machine Men Damson Maroon Tshirts
10689,Men,Apparel,Topwear,Tshirts,White,Fall,2011,Casual,Doodle Boy Casual White Tshirts
10817,Men,Apparel,Topwear,Shirts,Green,Fall,2011,Casual,Wrangler Men Urban Raiser Green Shirts
10219,Men,Accessories,Watches,Watches,Yellow,Winter,2016,Casual,Carrera Men Strap dial Yellow Watches
10484,Men,Apparel,Topwear,Shirts,Purple,Fall,2011,Casual,Flying Machine Men FS Purple Shirts
10226,Women,Accessories,Bags,Handbags,Black,Winter,2015,Casual,Murcia Women Rubena Black Handbags
10828,Men,Apparel,Topwear,Tshirts,Navy Blue,Fall,2011,Casual,Wrangler Men Navy Blue Polo Tshirts
10014,Unisex,Accessories,Headwear,Caps,Blue,Fall,2011,Sports,Nike Unisex Feather lite Blue Caps
10470,Men,Apparel,Topwear,Tshirts,Grey,Fall,2011,Casual,Flying Machine Men Grey Tshirts
10642,Men,Apparel,Topwear,Tshirts,Red,Fall,2011,Casual,Doodle Boy D Print Red Tshirts
10821,Men,Apparel,Topwear,Shirts,Blue,Fall,2011,Casual,Wrangler Men Parma Reversible Blue Shirts
10479,Men,Apparel,Topwear,Shirts,Red,Fall,2011,Casual,Flying Machine Men FS Red Shirts
10680,Women,Accessories,Bags,Handbags,Blue,Fall,2011,Casual,United Colors of Benetton Blue Solid Sling Bag
10446,Men,Apparel,Topwear,Tshirts,Red,Fall,2011,Casual,Flying Machine Men Red Polo Tshirts
10674,Women,Apparel,Topwear,Tops,White,Fall,2011,Casual,Doodle Girl Princess White Tops
10210,Women,Accessories,Bags,Handbags,Red,Winter,2015,Casual,Murcia Women Kkhh Red Handbags
10022,Men,Apparel,Topwear,Tshirts,Blue,Fall,2011,Sports,Nike Men Blue Polo Tshirts
10228,Women,Accessories,Bags,Handbags,Green,Winter,2015,Casual,Murcia Women SLB Bag Green Handbags
10826,Men,Apparel,Topwear,Tshirts,White,Fall,2011,Casual,Wrangler Men White Polo Tshirts
10819,Men,Apparel,Topwear,Shirts,Black,Fall,2011,Casual,Wrangler Men City Work Black Shirts
10025,Women,Apparel,Topwear,Tshirts,Pink,Fall,2011,Sports,Nike Women As Element Ja Pink T-Shirt
10217,Women,Accessories,Bags,Handbags,Pink,Winter,2015,Casual,Murcia Women Kkhh Pink Handbags
10673,Women,Apparel,Topwear,Tops,Black,Fall,2011,Casual,Doodle Girl Ballet School Black Tops
10441,Men,Apparel,Topwear,Shirts,Purple,Fall,2011,Casual,Flying Machine Men FS Purple Shirts
10243,Women,Accessories,Bags,Handbags,Red,Winter,2015,Casual,Murcia Women Emma Red Handbags
10071,Women,Apparel,Topwear,Tshirts,White,Fall,2011,Casual,Puma Women bling blink tee White Tshirts
10415,Women,Apparel,Topwear,Tops,Beige,Fall,2011,Casual,United Colors of Benetton Women Printed Beige Tops
10627,Men,Footwear,Shoes,Casual Shoes,Brown,Winter,2012,Casual,Carlton London Men Brown Slip-On Shoes
10618,Women,Footwear,Flip Flops,Flip Flops,Black,Spring,2013,Casual,Carlton London Women Casual Black Slippers
10872,Men,Apparel,Topwear,Tshirts,Blue,Fall,2011,Casual,Wrangler Men Dirtcross Blue T-Shirts
10886,Men,Apparel,Topwear,Tshirts,Cream,Fall,2011,Casual,Wrangler Men Cream Mark Your Territory T-shirt
10288,Women,Footwear,Shoes,Flats,Brown,Winter,2013,Casual,Clarks Women Shona Fringe Leather Brown Flats
10082,Women,Footwear,Shoes,Sports Shoes,Grey,Fall,2011,Sports,Reebok Women Aviator Grey Sports Shoes
10620,Women,Footwear,Flip Flops,Flip Flops,Gold,Fall,2011,Casual,Carlton London Women Casual Gold Slippers
10412,Men,Apparel,Topwear,Tshirts,Grey,Fall,2011,Casual,United Colors of Benetton Men Printed Grey Tshirts
10076,Women,Apparel,Topwear,Tshirts,Black,Fall,2011,Casual,Puma Women Large logo tee Black Tshirts
10244,Women,Accessories,Bags,Handbags,Beige,Winter,2015,Casual,Murcia Women Emma Beige Handbags
10049,Men,Apparel,Topwear,Tshirts,Black,Fall,2011,Casual,Puma Men Mns Body Train Black Tshirts
10875,Men,Apparel,Topwear,Tshirts,Grey,Fall,2011,Casual,Wrangler Men Motor City Grey T-Shirts
10286,Men,Footwear,Shoes,Formal Shoes,Black,Fall,2012,Formal,Clarks Men Hang Tough Leather Black Formal Shoes
10040,Men,Apparel,Topwear,Tshirts,White,Fall,2011,Sports,Nike Men White Polo Tshirts
10272,Women,Footwear,Shoes,Heels,Grey,Fall,2012,Casual,Clarks Women Soma Silk Graphite Leather Grey Heels
10616,Women,Footwear,Flip Flops,Flip Flops,Gold,Fall,2011,Casual,Carlton London Women Glitterati Gold Slippers
10424,Women,Apparel,Topwear,Tshirts,Red,Fall,2011,Casual,United Colors of Benetton Women Red Polo T-shirt
10629,Men,Footwear,Shoes,Casual Shoes,Black,Fall,2011,Casual,Carlton London Men Casual Black Casual Shoes
10843,Men,Apparel,Topwear,Tshirts,Grey,Fall,2011,Casual,Wrangler Men Grey T-shirt
10423,Men,Apparel,Topwear,Shirts,Grey,Fall,2011,Casual,United Colors of Benetton Men Checks Grey Shirts
10611,Men,Apparel,Topwear,Shirts,Green,Fall,2011,Casual,Flying Machine Men FS Green Shirts
10275,Men,Footwear,Shoes,Formal Shoes,Black,Summer,2013,Formal,Clarks Men Black Leather Derbys
10047,Men,Apparel,Topwear,Tshirts,Black,Fall,2011,Casual,Puma Men Heroes Graphic Black Tshirts
10281,Men,Footwear,Shoes,Formal Shoes,Black,Fall,2012,Formal,Clarks Men Hang Spring Leather Black Formal Shoes
10078,Men,Footwear,Shoes,Sports Shoes,White,Fall,2011,Sports,Reebok Men Speed Mode White Sports Shoes
10844,Men,Apparel,Topwear,Tshirts,Green,Fall,2011,Casual,Wrangler Men Cowboy Freedom Green T-Shirts
10493,Women,Apparel,Topwear,Tshirts,White,Fall,2011,Casual,Flying Machine Women VN White Tshirts
10231,Women,Accessories,Bags,Handbags,Red,Winter,2015,Casual,Murcia Women Claudia Red Handbags
10003,Women,Apparel,Topwear,Tshirts,White,Fall,2011,Sports,Nike Women As Nike Eleme White T-Shirt
10467,Men,Apparel,Topwear,Tshirts,Navy Blue,Fall,2011,Casual,Flying Machine Men Blue Polo Tshirts
10655,Women,Apparel,Bottomwear,Skirts,Blue,Fall,2011,Casual,Doodle Girl Denim skirt with belt Blue Skirts
10458,Men,Apparel,Topwear,Tshirts,Green,Fall,2011,Casual,Flying Machine Men Green Polo Tshirts
10800,Men,Apparel,Topwear,Shirts,Blue,Fall,2011,Casual,Wrangler Men Wander Wheels Blue Shirt
10652,Women,Apparel,Bottomwear,Skirts,Blue,Fall,2011,Casual,Doodle Girl Denim skirt with belt Blue Skirts
10460,Men,Apparel,Topwear,Tshirts,Green,Fall,2011,Casual,Flying Machine Green Polo Tshirts
10004,Men,Apparel,Bottomwear,Shorts,Grey,Fall,2011,Sports,Nike Men As 7 Sw Temp Grey Shorts
10236,Men,Accessories,Watches,Watches,Orange,Winter,2016,Casual,Carrera Men Strap dial Orange Watches
10494,Women,Apparel,Topwear,Tshirts,Blue,Fall,2011,Casual,Flying Machine Women Blue Polo Tshirts
10209,Women,Accessories,Bags,Handbags,Grey,Winter,2015,Casual,Murcia Women Kkhh Grey Handbags
10807,Men,Apparel,Topwear,Shirts,Black,Fall,2011,Casual,Wrangler Men Stampede Printed Stripe Black Shirts
10699,Women,Accessories,Watches,Watches,Orange,Winter,2016,Casual,Esprit Women Houston Yellow Ice Orange Watches
10032,Men,Apparel,Topwear,Tshirts,Black,Fall,2011,Sports,Nike Men AS FCB Core T Black T-shirts
10200,Women,Accessories,Bags,Handbags,Beige,Winter,2015,Casual,Murcia Women Emma Beige Handbags
10664,Men,Apparel,Topwear,Tshirts,Yellow,Fall,2011,Casual,Doodle Boy Rockstar-sing it Yellow Tshirts
10456,Men,Apparel,Topwear,Tshirts,Grey,Fall,2011,Casual,Flying Machine Men Grey Polo Tshirts
10690,Men,Apparel,Topwear,Tshirts,Yellow,Fall,2011,Casual,Doodle Boy Mummy daddy me Yellow Tshirts
10469,Men,Apparel,Topwear,Tshirts,Yellow,Fall,2011,Casual,Flying Machine Men Yellow Polo Tshirts
10831,Men,Apparel,Topwear,Tshirts,Navy Blue,Fall,2011,Casual,Wrangler Men American Music Folk Navy Blue T-Shirts
10451,Men,Apparel,Topwear,Tshirts,Blue,Fall,2011,Casual,Flying Machine Men Blue Polo Tshirts
10207,Women,Accessories,Bags,Handbags,Brown,Winter,2015,Casual,Murcia Women Hths Brown Handbags
10809,Men,Apparel,Topwear,Shirts,Black,Fall,2011,Casual,Wrangler Men Mark Rodeo Riveted Black Shirts
10035,Men,Footwear,Shoes,Sports Shoes,Brown,Fall,2011,Sports,Reebok Men Runtone Action Brown Sports Shoes
10836,Men,Apparel,Topwear,Tshirts,White,Fall,2011,Casual,Wrangler Men Urban Folk White T-Shirts
10238,Men,Accessories,Watches,Watches,Steel,Winter,2016,Casual,Esprit Men Axis Day Steel Watches
10298,Women,Footwear,Shoes,Heels,White,Spring,2012,Casual,Clarks Women Soma Silk Leather White Heels
10862,Men,Apparel,Topwear,Tshirts,Yellow,Fall,2011,Casual,Wrangler Men Dirt Riders Yellow T-Shirts
10608,Men,Accessories,Watches,Watches,White,Winter,2016,Casual,Puma Men Forcer 3HD White Dial Watch
10095,Men,Footwear,Shoes,Sports Shoes,Blue,Fall,2011,Sports,Reebok Men Reeflex Run Blue Sports Shoes
10637,Men,Footwear,Shoes,Formal Shoes,Black,Winter,2014,Formal,Carlton London Men Formal Black Formal Shoes
10405,Women,Apparel,Topwear,Tops,Black,Fall,2011,Casual,United Colors of Benetton Women Top Black Top
10061,Men,Apparel,Topwear,Tshirts,White,Fall,2011,Casual,Puma Men graphic story tee White Tshirts
10253,Women,Accessories,Bags,Handbags,Green,Winter,2015,Casual,Murcia Women Claudia Green Handbags
10059,Men,Apparel,Topwear,Tshirts,Black,Fall,2011,Casual,Puma Men Black Polo Tshirts
10865,Men,Apparel,Topwear,Tshirts,Yellow,Fall,2011,Casual,Wrangler Men Motor Rider Yellow T-Shirts
10254,Women,Accessories,Bags,Handbags,Grey,Winter,2015,Casual,Murcia Women Hddcs Grey Handbags
10066,Men,Apparel,Topwear,Tshirts,Black,Fall,2011,Casual,Puma Men Puma midrange tee Black Tshirts
10402,Women,Apparel,Topwear,Tops,Pink,Fall,2011,Casual,Jealous 21 Women Una Pink Tops
10630,Men,Footwear,Shoes,Casual Shoes,Navy Blue,Winter,2015,Casual,Carlton London Men Casual Navy Blue Casual Shoes
10092,Men,Footwear,Shoes,Sports Shoes,Silver,Fall,2011,Sports,Reebok Men Racehound Silver Sports Shoes
10853,Men,Apparel,Topwear,Tshirts,Blue,Fall,2011,Casual,Wrangler Men Blue Polo Tshirts
10639,Men,Footwear,Shoes,Casual Shoes,Black,Fall,2011,Casual,Nike Men Nike Capri II Black Casual Shoes
10434,Men,Apparel,Topwear,Shirts,Blue,Fall,2011,Casual,Flying Machine Men Ydc Blue Shirts
10606,Women,Accessories,Watches,Watches,Black,Winter,2016,Casual,Puma Women Temptation 93 Black Watches
10262,Men,Apparel,Bottomwear,Trousers,Black,Fall,2011,Formal,John Miller Men Black Trousers
10050,Men,Apparel,Topwear,Tshirts,Black,Fall,2011,Casual,Puma Men Usain Bolt Black Tshirts
10296,Men,Footwear,Shoes,Casual Shoes,Navy Blue,Summer,2016,Casual,Clarks Men Navy Blue Leather Casual Shoes
10068,Men,Apparel,Topwear,Tshirts,White,Fall,2011,Casual,Puma Men lifestyle graphitti White Tshirts
10854,Men,Apparel,Topwear,Tshirts,Green,Fall,2011,Casual,Wrangler Men Green Polo T-shirt
10057,Men,Apparel,Topwear,Tshirts,White,Fall,2011,Casual,Puma Men Tshirt Trning White Polo Tshirts
10265,Men,Footwear,Shoes,Formal Shoes,Brown,Fall,2012,Formal,Clarks Men Goto Eat Tobacco Leather Brown Formal Shoes
10601,Men,Apparel,Topwear,Tshirts,Blue,Fall,2011,Sports,Nike Men Football Soccer Blue Jerseys
10433,Men,Apparel,Topwear,Shirts,Black,Fall,2011,Casual,Flying Machine Men Ydc Black Shirts
10662,Men,Apparel,Topwear,Tshirts,Red,Fall,2011,Casual,Doodle Boy Travel Red Tshirts
10450,Men,Apparel,Topwear,Tshirts,Blue,Fall,2011,Casual,Flying Machine Men Blue Polo Tshirts
10034,Women,Apparel,Topwear,Tshirts,Black,Fall,2011,Sports,Nike Women As Element Ja Black T-Shirt
10239,Men,Accessories,Watches,Watches,Steel,Winter,2016,Casual,Esprit Men Grand Victory White Dial Steel Watches
10837,Men,Apparel,Topwear,Tshirts,Pink,Fall,2011,Casual,Wrangler Men Urban Folk Pink T-Shirts
10691,Men,Apparel,Topwear,Tshirts,Green,Fall,2011,Casual,Doodle Boy Little Boy Green Tshirts
10033,Men,Apparel,Bottomwear,Shorts,Navy Blue,Fall,2011,Sports,Nike Men As Ad Breakli Navy Blue Shorts
10457,Men,Apparel,Topwear,Tshirts,Pink,Fall,2011,Casual,Flying Machine Men Pink Polo Tshirts
10665,Men,Apparel,Topwear,Tshirts,Black,Fall,2011,Casual,Doodle Boy Extream Racer Black Tshirts
10468,Men,Apparel,Topwear,Tshirts,Blue,Fall,2011,Casual,Flying Machine Men Blue Polo Tshirts
10830,Men,Apparel,Topwear,Tshirts,White,Fall,2011,Casual,Wrangler Men White Polo Tshirts
10495,Women,Apparel,Topwear,Shirts,Blue,Fall,2011,Casual,Flying Machine Women HS Blue Shirt
10461,Men,Apparel,Topwear,Tshirts,White,Fall,2011,Casual,Flying Machine Men White Polo Tshirts
10237,Men,Accessories,Watches,Watches,Steel,Winter,2016,Casual,Esprit Men Croso Black Steel Watch
10005,Men,Apparel,Topwear,Tshirts,Blue,Fall,2011,Sports,Nike Men As Ss Trainin Blue T-Shirts
10839,Men,Apparel,Topwear,Tshirts,Navy Blue,Fall,2011,Casual,Wrangler Men N0. 3 Applique Polo Navy Blue T-Shirts
10698,Women,Accessories,Watches,Watches,Red,Winter,2016,Casual,Esprit Women Houston Red Ice Red Watch
10806,Men,Apparel,Topwear,Shirts,Green,Fall,2011,Casual,Wrangler Men Stampede Printed Stripe Green Shirts
10208,Women,Accessories,Bags,Handbags,Blue,Winter,2015,Casual,Murcia Women Hths Blue Handbags
10002,Women,Apparel,Bottomwear,Skirts,Blue,Summer,2011,Casual,Palm Tree Kids Sp Jema Skt Blue Skirts
10230,Women,Accessories,Bags,Handbags,Brown,Winter,2015,Casual,Murcia Women Claudia Brown Handbags
10654,Women,Apparel,Bottomwear,Skirts,Blue,Fall,2011,Casual,Doodle Girl Denim skirt with belt Blue Skirts
10466,Men,Apparel,Topwear,Tshirts,Grey,Fall,2011,Casual,Flying Machine Men Grey Polo Tshirts
10492,Women,Apparel,Topwear,Shirts,Orange,Fall,2011,Casual,Flying Machine Women HS Orange Shirt
10459,Men,Apparel,Topwear,Tshirts,Pink,Fall,2011,Casual,Flying Machine Men Fuschia Pink Tshirts
10801,Men,Apparel,Topwear,Shirts,Blue,Fall,2011,Casual,Wrangler Men August Stripe Look Checks Blue Shirts
10855,Men,Apparel,Topwear,Tshirts,White,Fall,2011,Casual,Wrangler Men White Polo Tshirts
10069,Men,Apparel,Topwear,Tshirts,Black,Fall,2011,Casual,Puma Men Large logo tee Black Tshirts
10264,Men,Footwear,Shoes,Formal Shoes,Black,Summer,2013,Formal,Clarks Men Goya Band Leather Black Formal Shoes
10056,Men,Apparel,Bottomwear,Tracksuits,Black,Fall,2011,Sports,ADIDAS Men Cfc Pes Black Tracksuits
10432,Men,Apparel,Topwear,Shirts,Blue,Fall,2011,Casual,Flying Machine Men Ydc Blue Shirts
10290,Women,Footwear,Shoes,Heels,Brown,Fall,2012,Casual,Clarks Women Shavi Knot Leather Brown Heels
10852,Men,Apparel,Topwear,Tshirts,Blue,Fall,2011,Casual,Wrangler Men Blue Striped T-shirt
10638,Men,Footwear,Shoes,Formal Shoes,Brown,Fall,2011,Formal,Carlton London Men Formal Brown Formal Shoes
10297,Men,Footwear,Shoes,Casual Shoes,Black,Fall,2012,Smart Casual,Clarks Men Black Leather Loafers
10607,Women,Accessories,Watches,Watches,Black,Winter,2016,Casual,Puma Women Temptation Black Watch
10435,Men,Apparel,Topwear,Shirts,Red,Fall,2011,Casual,Flying Machine Men HS Red Shirts
10051,Men,Apparel,Topwear,Shirts,Navy Blue,Fall,2011,Casual,Puma Men Motorsport Navy Blue Shirts
10263,Men,Footwear,Shoes,Formal Shoes,Black,Summer,2013,Formal,Clarks Men Energise Me Leather Black Formal Shoes
10864,Men,Apparel,Topwear,Tshirts,White,Fall,2011,Casual,Wrangler Men True Riders White T-Shirts
10058,Men,Apparel,Topwear,Tshirts,Black,Fall,2011,Casual,Puma Men Large logo tee Black Tshirts
10093,Men,Footwear,Shoes,Sports Shoes,White,Fall,2011,Sports,Reebok Men Racehound White Sports Shoes
10067,Men,Apparel,Topwear,Tshirts,Yellow,Fall,2011,Casual,Puma Men punk logo tee Yellow Tshirts
10255,Men,Apparel,Topwear,Shirts,Blue,Fall,2011,Casual,Locomotive Men Stripes Blue Shirts
10631,Men,Footwear,Shoes,Casual Shoes,Black,Spring,2013,Casual,Carlton London Men CL semi-cas Black Casual Shoes
10403,Women,Apparel,Topwear,Tops,Purple,Fall,2011,Casual,Jealous 21 Women Uri Purple Tops
10863,Men,Apparel,Topwear,Tshirts,Blue,Fall,2011,Casual,Wrangler Men True Riders Blue T-Shirts
10609,Women,Accessories,Watches,Watches,White,Winter,2016,Casual,Puma Women White Dial Chronograph Watch
10299,Women,Footwear,Shoes,Heels,Black,Fall,2013,Casual,Clarks Women Black Leather Wedges
10404,Women,Apparel,Topwear,Shirts,Black,Fall,2011,Casual,Jealous 21 Women Ummi Black Shirt
10636,Men,Footwear,Shoes,Casual Shoes,Green,Winter,2012,Casual,Carlton London Men Semi oxfords Green Casual Shoes
10252,Women,Accessories,Bags,Handbags,Brown,Winter,2015,Casual,Murcia Women SLB Bag Brown Handbags
10060,Men,Apparel,Topwear,Tshirts,White,Fall,2011,Casual,Puma Men motor sport tee White Tshirts
10582,Men,Accessories,Watches,Watches,Steel,Winter,2016,Casual,Esprit Men Velocity Chrono Black Steel Watches
10320,Women,Accessories,Bags,Handbags,White,Winter,2015,Casual,Murcia Women Mary White Handbags
10112,Women,Footwear,Shoes,Sports Shoes,White,Fall,2011,Sports,Reebok Women Premier Zigfly White Sports Shoes
10576,Men,Apparel,Topwear,Tshirts,Black,Fall,2011,Casual,Puma Men Lifestyle Graphitti Black T-shirt
10744,Unisex,Footwear,Flip Flops,Flip Flops,Navy Blue,Winter,2012,Casual,Disney Unisex Kids Pluto Navy Blue Flip Flops
10743,Unisex,Footwear,Flip Flops,Flip Flops,Red,Winter,2012,Casual,Disney Unisex Kids Only Mickey Red Flip Flops
10571,Men,Apparel,Topwear,Tshirts,Navy Blue,Fall,2011,Casual,Puma Men Rugby Navy Blue Polo Tshirts
10115,Unisex,Footwear,Sandal,Sandals,Grey,Fall,2011,Casual,Reebok Unisex Adventure Sports Grey Sandals
10327,Men,Accessories,Watches,Watches,Black,Winter,2016,Casual,Puma Men Slick Gents 3HD Black Watches
10585,Men,Accessories,Watches,Watches,Black,Winter,2016,Casual,Carrera Men Rubber strap dial Black Watches
10318,Women,Accessories,Watches,Watches,Steel,Winter,2016,Casual,Esprit Women Grace Two Tone Steel Watch
10788,Men,Apparel,Topwear,Shirts,White,Fall,2011,Casual,Wrangler Men Malbork White Shirt
10775,Unisex,Accessories,Bags,Backpacks,Olive,Winter,2015,Casual,Wildcraft Unisex Olive Green Backpack
10578,Men,Apparel,Topwear,Tshirts,Blue,Fall,2011,Casual,Puma Men Large Logo Ringer Blue Tshirts
10786,Unisex,Accessories,Headwear,Caps,Black,Fall,2011,Sports,Nike Unisex Runng Black Caps
10772,Boys,Footwear,Shoes,Casual Shoes,Navy Blue,Winter,2012,Casual,Disney Kids Navy Blue Casual Shoes
10316,Men,Accessories,Watches,Watches,Steel,Winter,2016,Casual,Esprit Men Pure Vitality Brown Steel Watches
10329,Women,Accessories,Watches,Watches,White,Winter,2016,Casual,Puma Women Pure Pliancy Gold White Watches
10389,Women,Accessories,Watches,Watches,White,Winter,2016,Casual,Puma Women Finesse 232 White Watches
10987,Men,Apparel,Topwear,Tshirts,Navy Blue,Fall,2011,Casual,Inkfruit Men Boyz Navy Blue Tshirts
10719,Women,Apparel,Bottomwear,Capris,Blue,Fall,2011,Casual,Nike Women Training Blue Capris
10184,Men,Apparel,Topwear,Shirts,White,Fall,2011,Casual,Indigo Nation Men  White Stripe Shirt
10726,Women,Accessories,Bags,Handbags,Brown,Winter,2015,Casual,Murcia Women Brown Brown Handbags
10514,Women,Apparel,Topwear,Tops,Pink,Fall,2011,Casual,Flying Machine Women RN SL Pink Tshirts
10170,Men,Footwear,Shoes,Casual Shoes,Blue,Fall,2011,Casual,United Colors of Benetton Men Highlander Grey Blue Casual Shoes
10342,Women,Apparel,Topwear,Tops,Black,Fall,2011,Casual,United Colors of Benetton Women Printed Tunic Black Tops
10148,Men,Footwear,Shoes,Casual Shoes,Brown,Fall,2011,Casual,Rockport Men Sc Slip On Brown Casual Shoes
10345,Men,Apparel,Topwear,Tshirts,Black,Fall,2011,Casual,United Colors of Benetton Men Graphic Printed Black Tshirts
10177,Men,Footwear,Shoes,Casual Shoes,Brown,Fall,2011,Casual,United Colors Of Benetton Men Cboar Brown Casual Shoes
10513,Women,Apparel,Topwear,Tunics,White,Fall,2011,Casual,Flying Machine Women RN HS Tunic Top
10721,Men,Apparel,Topwear,Tshirts,White,Fall,2011,Sports,Nike Men Runng Mens tshirt White Tshirts
10183,Women,Footwear,Shoes,Casual Shoes,White,Fall,2011,Casual,Puma Women Future Cat Ballistic Jr White Casual Shoes
10728,Women,Accessories,Bags,Handbags,Brown,Winter,2015,Casual,Murcia Women Dusvatar Coffee Brown Handbags
10717,Women,Apparel,Topwear,Tops,Purple,Fall,2011,Sports,Nike Women Trainng sports bra Purple Tops
10373,Men,Apparel,Topwear,Tshirts,Black,Fall,2011,Casual,United Colors of Benetton Men Solid Black Tshirts
10141,Women,Accessories,Watches,Watches,Gold,Winter,2016,Casual,Esprit Women Houston White Gold Links Gold Watches
10387,Men,Accessories,Watches,Watches,Black,Winter,2016,Casual,Puma Men Indication  178 Black Watches
10989,Women,Apparel,Topwear,Tshirts,Purple,Fall,2011,Casual,Inkfruit Women Mementos Purple Tshirts
10179,Men,Footwear,Flip Flops,Flip Flops,Blue,Fall,2011,Casual,United Colors of Benetton Men Speeder Blue Flip Flops
10380,Men,Apparel,Topwear,Shirts,Black,Fall,2011,Casual,United Colors of Benetton Men Solid Black Shirts
10146,Men,Footwear,Shoes,Formal Shoes,Black,Fall,2011,Formal,Rockport Men Drsp Moc Front Black Formal Shoes
10374,Women,Apparel,Topwear,Tshirts,Green,Fall,2011,Casual,United Colors of Benetton Women Solid Green T-shirt
10710,Women,Apparel,Topwear,Tshirts,Orange,Fall,2011,Casual,Nike Women Trainng short sleeve tshirt Orange Tshirts
10773,Women,Accessories,Bags,Handbags,Red,Winter,2016,Casual,Fastrack Red Printed Tote Bag
10125,Women,Footwear,Shoes,Sports Shoes,White,Summer,2012,Sports,Reebok Women Premier Zigfly White Sports Shoes
10317,Women,Accessories,Watches,Watches,Silver,Winter,2016,Casual,Esprit Women Purple Silicon Silver Watches
10787,Men,Apparel,Topwear,Shirts,Green,Fall,2011,Casual,Wrangler Men Galway Placket Label Check Shirt
10328,Men,Accessories,Watches,Watches,Black,Winter,2016,Sports,Puma Men Spin Gents Black Watches
10122,Men,Footwear,Shoes,Sports Shoes,White,Fall,2011,Sports,Reebok Men Run Sheer White Sports Shoes
10774,Unisex,Accessories,Bags,Backpacks,Olive,Winter,2015,Casual,Wildcraft Unisex Olive Green Backpack
10579,Men,Apparel,Topwear,Tshirts,Black,Fall,2011,Casual,Puma Men Black Polo Tshirts
10584,Men,Accessories,Watches,Watches,Yellow,Winter,2016,Casual,Carrera Men Sporty Rubber Strap Yellow Watch
10570,Men,Apparel,Topwear,Tshirts,Orange,Fall,2011,Casual,Puma Men Rugby Orange Tshirts
10742,Women,Footwear,Shoes,Casual Shoes,Orange,Winter,2012,Casual,Disney Kids Girl Pooh Face Orange Casual Shoes
10326,Men,Accessories,Watches,Watches,Black,Winter,2016,Casual,Puma Men Strom Agitation Gents Black Watches
10114,Unisex,Footwear,Sandal,Sports Sandals,Black,Fall,2013,Casual,Reebok Unisex Black Sports Sandals
10789,Men,Apparel,Topwear,Shirts,Red,Fall,2011,Casual,Wrangler Men Manitoba Piping Red Shirts
10319,Women,Accessories,Watches,Watches,Steel,Winter,2016,Casual,Esprit Women Cool Chic Brown Steel Watch
10113,Men,Footwear,Shoes,Sports Shoes,White,Fall,2011,Sports,Reebok Men Run Sheer White Sports Shoes
10321,Women,Accessories,Bags,Handbags,Black,Winter,2015,Casual,Murcia Women TMK Black Handbags
10577,Women,Apparel,Topwear,Tshirts,Black,Fall,2011,Casual,Puma Women's Ess Black Polo Tshirts
10583,Men,Accessories,Watches,Watches,Gold,Winter,2016,Formal,Esprit Men Nova Genesis Brown Gold Watches
10178,Men,Footwear,Shoes,Casual Shoes,Brown,Fall,2011,Casual,United Colors of Benetton Men Bournie Brown Casual Shoes
10147,Men,Footwear,Shoes,Formal Shoes,Black,Fall,2011,Formal,Rockport Men Ed Plaintoe Black Formal Shoes
10711,Women,Apparel,Topwear,Tshirts,White,Fall,2011,Casual,Nike Women White Casual T-shirt
10381,Men,Apparel,Topwear,Shirts,Blue,Fall,2011,Formal,United Colors of Benetton Men Solid Blue Shirts
10729,Women,Accessories,Bags,Handbags,Black,Winter,2015,Casual,Murcia Women Lorra Black Black Handbags
10988,Women,Apparel,Topwear,Tshirts,Pink,Fall,2011,Casual,Inkfruit Women Flying Advantures Pink Tshirts
10386,Women,Accessories,Watches,Watches,White,Winter,2016,Casual,Puma Women Vitality Gold Stones  169 White Watches
10716,Women,Apparel,Innerwear,Bra,White,Fall,2011,Sports,Nike Women Training Sports Bra
10140,Women,Accessories,Watches,Watches,Silver,Winter,2016,Casual,Esprit Women Rocks Houston Black Silver Watches
10372,Men,Apparel,Topwear,Tshirts,Beige,Fall,2011,Casual,United Colors of Benetton Men Printed Beige Tshirts
10149,Men,Footwear,Shoes,Formal Shoes,Brown,Fall,2011,Formal,Rockport Men Ed Plaintoe Brown Formal Shoes
10182,Women,Footwear,Shoes,Casual Shoes,White,Fall,2011,Casual,Puma Women Style Cat White Casual Shoes
10176,Men,Footwear,Shoes,Casual Shoes,Black,Fall,2011,Casual,United Colors of Benetton Men Cloud 9 Black Casual Shoes
10344,Men,Apparel,Topwear,Tshirts,Purple,Fall,2011,Casual,United Colors of Benetton Men Solid Purple Tshirts
10720,Men,Apparel,Bottomwear,Shorts,White,Summer,2011,Sports,Nike Men Ftbll/Socc shorts White Shorts
10512,Women,Apparel,Topwear,Tops,Blue,Fall,2011,Casual,Flying Machine Women RN HS Blue Tshirts
10718,Women,Apparel,Topwear,Tops,Orange,Fall,2011,Sports,Nike Women Trainng sports bra Orange Tops
10388,Women,Accessories,Watches,Watches,Pink,Winter,2016,Casual,Puma Women Pliancy 199 Pink Watches
10727,Women,Accessories,Bags,Handbags,Brown,Winter,2015,Casual,Murcia Women Dusvatar Brown Brown Handbags
10343,Women,Apparel,Topwear,Tshirts,Blue,Fall,2011,Casual,United Colors of Benetton Women Solid Blue Tshirts
10171,Men,Footwear,Shoes,Formal Shoes,Brown,Fall,2011,Formal,United Colors of Benetton Men vertigo Brown Shoes
10185,Men,Apparel,Topwear,Shirts,White,Fall,2011,Casual,Indigo Nation Men Price catch White Shirts
10153,Men,Footwear,Shoes,Formal Shoes,Brown,Fall,2011,Formal,Rockport Men Drsp SLip On Brown Formal Shoes
10361,Men,Apparel,Topwear,Tshirts,Purple,Fall,2011,Casual,United Colors of Benetton Men Graphic Printed Purple Tshirts
10705,Women,Accessories,Watches,Watches,Silver,Winter,2016,Casual,Esprit Women Twist Black Houston Silver Watches
10395,Men,Accessories,Watches,Watches,Red,Winter,2016,Sports,Puma Men Cardiac II Red Watches
10508,Women,Apparel,Topwear,Tops,Black,Fall,2011,Casual,Flying Machine Women RN SL Black Top
10198,Women,Accessories,Bags,Handbags,Beige,Winter,2015,Casual,Murcia Women Hddcs Beige Handbags
10392,Women,Accessories,Watches,Watches,White,Winter,2016,Casual,Puma Women Pure Pliancy 258 White Watches
10702,Women,Accessories,Watches,Watches,Steel,Winter,2016,Casual,Esprit Women Lissomy Glam Silver Black Steel Watches
10366,Women,Apparel,Bottomwear,Skirts,Black,Fall,2011,Casual,United Colors of Benetton Women Solid Black Skirt
10154,Men,Footwear,Shoes,Casual Shoes,Brown,Fall,2011,Casual,Rockport Men Bal Brown Casual Shoes
10359,Men,Apparel,Topwear,Tshirts,White,Fall,2011,Casual,United Colors of Benetton Men Printed White Tshirts
10196,Women,Accessories,Bags,Handbags,Green,Winter,2015,Casual,Murcia Women Hddcs Green Handbags
10350,Women,Apparel,Topwear,Tshirts,Purple,Fall,2011,Casual,United Colors of Benetton Women Applique Work Purple T-shirt
10162,Men,Footwear,Shoes,Casual Shoes,White,Fall,2011,Casual,Puma Men 917 Lo Paint Splatter White Casual Shoes
10506,Women,Apparel,Topwear,Tops,Red,Fall,2011,Casual,Flying Machine Women Fuschia Red Tshirts
10734,Women,Accessories,Bags,Handbags,Green,Winter,2015,Casual,Murcia Women Mcc Green Green Handbags
10995,Men,Apparel,Topwear,Tshirts,Black,Fall,2011,Casual,Inkfruit Men Respest Me Black Tshirts
10733,Women,Accessories,Bags,Handbags,Purple,Winter,2015,Casual,Murcia Women Mcc Purple Purple Handbags
10501,Women,Apparel,Topwear,Tshirts,White,Fall,2011,Casual,Flying Machine Women RN HS White T-shirt
10357,Men,Apparel,Topwear,Tshirts,Maroon,Fall,2011,Casual,United Colors of Benetton Men Maroon Polo Tshirt
10992,Men,Apparel,Topwear,Tshirts,Purple,Fall,2011,Casual,Inkfruit Men Dust Rider Purple Tshirts
10758,Girls,Footwear,Shoes,Casual Shoes,Blue,Winter,2012,Casual,Disney Kids Girls Princess Heart Blue Casual Shoes
10767,Unisex,Footwear,Flip Flops,Flip Flops,White,Winter,2012,Casual,Disney Unisex Kids Basic White Flip Flops
10303,Men,Footwear,Shoes,Sandals,Brown,Summer,2016,Casual,Clarks Men Brown Leather Sandals
10131,Women,Accessories,Watches,Watches,Steel,Winter,2016,Casual,Esprit Women Romain Brown Steel Watches
10793,Men,Apparel,Topwear,Shirts,Red,Fall,2011,Casual,Wrangler Men Authentic Rope Embro Red Shirts
10599,Unisex,Accessories,Headwear,Caps,White,Fall,2011,Sports,Nike Unisex Tennis White Caps
10109,Women,Accessories,Watches,Watches,Steel,Winter,2016,Casual,Fastrack Women Denim Analogue Steel Watch
10794,Men,Apparel,Topwear,Shirts,Navy Blue,Fall,2011,Casual,Wrangler Men Warnick Square Block Navy Blue Shirts
10136,Women,Accessories,Watches,Watches,Steel,Winter,2016,Casual,Esprit Women Pure Vitality Black Steel Watches
10304,Men,Footwear,Sandal,Sandals,Black,Fall,2011,Casual,Clarks Men Vieri Deck Leather Black Sandals
10760,Unisex,Footwear,Flip Flops,Flip Flops,Red,Winter,2012,Casual,Disney Unisex Kids Basic Red Flip Flops
10769,Unisex,Footwear,Flip Flops,Flip Flops,White,Winter,2012,Casual,Disney Unisex Kids Basic White Flip Flops
10756,Women,Footwear,Shoes,Casual Shoes,Red,Winter,2012,Casual,Disney Kids Welding Red Casual Shoes
10564,Men,Apparel,Topwear,Tshirts,White,Fall,2011,Casual,Puma Men Large Logo Ringer White Tshirts
10332,Men,Accessories,Belts,Belts,Brown,Fall,2011,Casual,Indigo Nation Men cataclasite Brown Belts
10138,Women,Accessories,Watches,Watches,Silver,Winter,2016,Casual,Esprit Women Spark Pink Silver Watches
10335,Women,Apparel,Topwear,Tops,Pink,Fall,2011,Casual,United Colors of Benetton Women Striped Magenta Top
10107,Men,Accessories,Watches,Watches,Steel,Winter,2016,Casual,Fastrack Men Analogue Leather Steel Watches
10563,Men,Apparel,Topwear,Tshirts,Black,Fall,2011,Casual,Puma Men Large Logo Ringer Black Tshirts
10751,Men,Apparel,Bottomwear,Track Pants,Grey,Fall,2011,Sports,Nike Men Breakline Grey Track Pants
10597,Men,Apparel,Bottomwear,Jeans,Blue,Fall,2011,Casual,Flying Machine Men Skinny Jack Blue Jeans
10190,Men,Apparel,Topwear,Shirts,White,Fall,2011,Casual,Indigo Nation Men Club Poplin White Shirts
10500,Women,Apparel,Dress,Dresses,Navy Blue,Fall,2011,Casual,Flying Machine Women OS Blue Tops
10732,Women,Accessories,Bags,Handbags,Red,Winter,2015,Casual,Murcia Women Lorra Red Red Handbags
10356,Men,Apparel,Topwear,Shirts,Blue,Fall,2011,Casual,United Colors of Benetton Men Solid Blue Shirts
10164,Men,Accessories,Watches,Watches,Green,Winter,2016,Casual,Carrera Men Green strap witrh green dial Green Watches
10993,Men,Apparel,Topwear,Tshirts,Grey,Fall,2011,Casual,Inkfruit Men Tea Kwon Do Grey Tshirts
10369,Men,Apparel,Topwear,Shirts,Blue,Fall,2011,Casual,United Colors of Benetton Men Checks Blue Shirts
10351,Women,Apparel,Bottomwear,Skirts,Grey,Fall,2011,Casual,United Colors of Benetton Women Check Skirt Grey Skirts
10735,Women,Accessories,Bags,Handbags,Black,Winter,2015,Casual,Murcia Women Mcc Black Black Handbags
10507,Women,Apparel,Topwear,Tshirts,Pink,Fall,2011,Casual,Flying Machine Women Pink Polo Tshirts
10197,Women,Accessories,Bags,Handbags,Brown,Winter,2015,Casual,Murcia Women Hddcs Brown Handbags
10994,Men,Apparel,Topwear,Tshirts,Black,Fall,2011,Casual,Inkfruit Men Near Future Black Tshirts
10155,Men,Footwear,Shoes,Casual Shoes,Brown,Fall,2011,Casual,Rockport Men Tr Bal Brown Casual Shoes
10367,Men,Apparel,Topwear,Shirts,Purple,Fall,2011,Casual,United Colors of Benetton Men Checks Purple Shirts
10393,Women,Accessories,Watches,Watches,Black,Winter,2016,Casual,Puma Women Spark 351 Black Watches
10358,Men,Apparel,Topwear,Tshirts,Blue,Fall,2011,Casual,United Colors of Benetton Men Solid Polo Blue Tshirts
10394,Men,Accessories,Watches,Watches,Red,Winter,2016,Sports,Puma Men Cardiac Red Watches
10360,Women,Apparel,Dress,Dresses,Black,Fall,2011,Casual,United Colors of Benetton Women Black Dress
10152,Men,Footwear,Shoes,Casual Shoes,Black,Fall,2011,Casual,Rockport Men TR Bal Black Casual Shoes
10704,Women,Accessories,Watches,Watches,Steel,Winter,2016,Casual,Esprit Women Organic Pretty Black Houston Steel Watches
10199,Women,Accessories,Bags,Handbags,Black,Winter,2015,Casual,Murcia Women Emma Black Handbags
10509,Women,Apparel,Topwear,Tshirts,White,Fall,2011,Casual,Flying Machine Women RN HS White Tshirts
10139,Women,Accessories,Watches,Watches,Steel,Winter,2016,Casual,Esprit Women Cool Chic Night Steel Watch
10596,Women,Accessories,Watches,Watches,Green,Winter,2016,Casual,Esprit Women Houston Funky Green Green Watch
10106,Women,Accessories,Watches,Watches,Steel,Winter,2016,Casual,Fastrack Women Essentials Steel Watches
10334,Men,Accessories,Belts,Belts,Black,Fall,2011,Casual,Indigo Nation Men diorite Black Belts
10750,Men,Apparel,Topwear,Tshirts,Blue,Fall,2011,Sports,Nike Men Remix Crew Blue Tshirts
10768,Unisex,Footwear,Flip Flops,Flip Flops,Pink,Winter,2012,Casual,Disney Unisex Kids Basic Pink Flip Flops
10565,Men,Apparel,Topwear,Tshirts,Black,Fall,2011,Casual,Puma Men Heritage Black Polo Tshirts
10757,Unisex,Footwear,Flip Flops,Flip Flops,Pink,Winter,2012,Casual,Disney Unisex Kids Princess Heart Pink Flip Flops
10333,Men,Accessories,Belts,Belts,Brown,Fall,2011,Casual,Indigo Nation Men chert Brown Belts
10101,Men,Footwear,Shoes,Sports Shoes,Black,Fall,2011,Sports,Reebok Men Island Explorer Black Sports Shoes
10108,Women,Accessories,Watches,Watches,Steel,Winter,2016,Casual,Fastrack Women Denim Analogue Steel Watches
10598,Women,Apparel,Topwear,Shirts,Blue,Fall,2011,Casual,Flying Machine Women HS Blue Denim Shirt
10305,Men,Footwear,Shoes,Casual Shoes,Black,Fall,2011,Casual,Clarks Men Rocco Fuse Brown Casual Shoes
10137,Women,Accessories,Watches,Watches,Steel,Winter,2016,Casual,Esprit Women Lissomy Brown Steel Watches
10761,Unisex,Footwear,Flip Flops,Flip Flops,Red,Winter,2012,Casual,Disney Unisex Kids Basic Red Flip Flops
10795,Men,Apparel,Topwear,Shirts,Navy Blue,Fall,2011,Casual,Wrangler Men Warnick Square Block Navy Blue Shirts
10759,Unisex,Footwear,Flip Flops,Flip Flops,Pink,Winter,2012,Casual,Disney Unisex Kids Mini Mouse Pink Flip Flops
10792,Men,Apparel,Topwear,Shirts,Red,Fall,2011,Casual,Wrangler Men Authentic Rope Embro Red Shirts
10766,Unisex,Footwear,Flip Flops,Flip Flops,Yellow,Winter,2012,Casual,Disney Unisex Kids Basic Yellow Flip Flops
10130,Women,Accessories,Watches,Watches,Steel,Winter,2016,Casual,Esprit Women Pure E-Ffect Black Steel Watches
10302,Men,Footwear,Shoes,Formal Shoes,Brown,Spring,2012,Formal,Clarks Men Leather Brown Formal Shoes
10042,Women,Apparel,Topwear,Tshirts,Pink,Fall,2011,Sports,Nike Women Pink Polo Tshirts
10270,Women,Footwear,Shoes,Flats,Silver,Fall,2012,Casual,Clarks Women Shona Fringe Leather Silver Flats
10426,Men,Apparel,Topwear,Tshirts,Black,Fall,2011,Casual,United Colors of Benetton Men Polo Black Tshirts
10284,Women,Footwear,Shoes,Flats,White,Fall,2012,Casual,Clarks Women Leather White Flats
10089,Women,Footwear,Shoes,Sports Shoes,Silver,Fall,2011,Sports,Reebok Women Raceon Silver Sports Shoes
10283,Men,Footwear,Sandal,Sandals,Black,Fall,2012,Casual,Clarks Men Unstructured Leather Black Sandals
10421,Men,Apparel,Topwear,Shirts,Blue,Fall,2011,Casual,United Colors of Benetton Men Solid Blue Shirts
10613,Women,Footwear,Shoes,Casual Shoes,White,Spring,2013,Casual,Carlton London Women Casual White Casual Shoes
10277,Men,Footwear,Shoes,Formal Shoes,Black,Spring,2012,Smart Casual,Clarks Men Black Leather Semiformal Shoes
10879,Men,Apparel,Topwear,Tshirts,Grey,Fall,2011,Casual,Wrangler Men Grey T-shirt
10045,Men,Apparel,Topwear,Tshirts,Blue,Fall,2011,Casual,Puma Men Heroes Party Graphic Blue Tshirts
10846,Men,Apparel,Topwear,Tshirts,Blue,Fall,2011,Casual,Wrangler Men Falcon Print Blue T-Shirts
10248,Women,Accessories,Bags,Handbags,Brown,Winter,2015,Casual,Murcia Women Asjke Coffee Brown Handbags
10241,Men,Accessories,Watches,Watches,Black,Winter,2016,Casual,Esprit Men Momentum Black Black Watches
10073,Women,Apparel,Topwear,Tshirts,Purple,Fall,2011,Casual,Puma Women cat line tee Purple Tshirts
10884,Men,Apparel,Topwear,Tshirts,Grey,Fall,2011,Casual,Wrangler Men Grey Glow In Dark T-shirt
10428,Women,Apparel,Topwear,Tops,Black,Fall,2011,Casual,United Colors of Benetton Women Solid Black Tops
10870,Men,Apparel,Topwear,Tshirts,Blue,Fall,2011,Casual,Wrangler Men Fly The Wind Blue T-Shirts
10622,Women,Footwear,Flip Flops,Flip Flops,Green,Fall,2011,Casual,Carlton London Women Casual Green Slippers
10410,Men,Apparel,Topwear,Tshirts,White,Fall,2011,Casual,United Colors of Benetton Men Solid White Tshirts
10848,Men,Apparel,Topwear,Tshirts,Blue,Fall,2011,Casual,Wrangler Men Blue T-shirt
10074,Men,Apparel,Topwear,Tshirts,Black,Fall,2011,Casual,Puma Men Puma runhard tee Black Tshirts
10246,Women,Accessories,Bags,Handbags,Brown,Winter,2015,Casual,Murcia Women Zoe Brown Handbags
10080,Men,Footwear,Shoes,Sports Shoes,Black,Fall,2011,Sports,Reebok Men Run Sheer Black Sports Shoes
10279,Men,Footwear,Shoes,Casual Shoes,Black,Fall,2012,Casual,Clarks Men Nature Easy Leather Black Casual Shoes
10877,Men,Apparel,Topwear,Tshirts,Navy Blue,Fall,2011,Casual,Wrangler Men Navy Blue Polo Tshirts
10883,Men,Apparel,Topwear,Tshirts,Beige,Fall,2011,Casual,Wrangler Men American Photo Print Beige T-shirt
10823,Men,Apparel,Topwear,Tshirts,Grey,Fall,2011,Casual,Wrangler Men Grey Polo Tshirts
10649,Boys,Apparel,Topwear,Shirts,White,Fall,2011,Casual,Doodle Boys Grand Prix White Shirt
10444,Men,Apparel,Topwear,Shirts,Blue,Fall,2011,Casual,Flying Machine Men Ydc Aqua Green Shirts
10676,Women,Apparel,Topwear,Tops,Red,Fall,2011,Casual,Doodle Girl Bubbles Red Tops
10020,Men,Apparel,Bottomwear,Shorts,Black,Summer,2012,Sports,Nike Men Black & White Reversible Shorts
10682,Men,Apparel,Topwear,Tshirts,Tan,Fall,2011,Casual,United Colors of Benetton Men Printed Tan T-shirt
10488,Men,Apparel,Bottomwear,Jeans,Blue,Fall,2011,Casual,Flying Machine Blue Jeans
10018,Men,Apparel,Bottomwear,Shorts,Black,Fall,2012,Sports,Nike Men Black Three Quarter Track Pants
10824,Men,Apparel,Topwear,Tshirts,White,Fall,2011,Casual,Wrangler Men White Polo Tshirts
10685,Women,Apparel,Topwear,Tops,White,Fall,2011,Casual,Doodle Girl Little Princess White Tops
10027,Women,Apparel,Topwear,Tshirts,White,Fall,2011,Sports,Nike Women's White Tshirt
10215,Women,Accessories,Bags,Handbags,Purple,Winter,2015,Casual,Murcia Women Hths Purple Handbags
10671,Boys,Apparel,Bottomwear,Shorts,Green,Fall,2011,Casual,Doodle Boy Army  Green Shorts
10443,Men,Apparel,Topwear,Tshirts,Blue,Fall,2011,Casual,Flying Machine Men Blue Polo Tshirts
10812,Men,Apparel,Topwear,Shirts,Brown,Fall,2011,Casual,Wrangler Men Wales Slim Hb Brown Shirts
10678,Women,Apparel,Topwear,Tops,White,Fall,2011,Casual,Doodle Girl Super stylish White Tops
10481,Men,Apparel,Topwear,Shirts,Blue,Fall,2011,Casual,Flying Machine Men Ydc Blue Shirts
10647,Women,Apparel,Topwear,Tops,Pink,Fall,2011,Casual,Doodle Girl Little Princess Pink Tops
10475,Men,Apparel,Topwear,Shirts,Brown,Fall,2011,Casual,Flying Machine Men FS Solid Brown Shirts
10011,Men,Apparel,Bottomwear,Track Pants,Grey Melange,Summer,2012,Sports,Nike Men Grey Melange Track Pants
10223,Women,Accessories,Bags,Handbags,Green,Winter,2015,Casual,Murcia Women Zoe Green Handbags
10029,Women,Apparel,Topwear,Sweatshirts,Navy Blue,Fall,2011,Sports,Nike Women As Script Mas Navy Blue Sweatshirts
10815,Men,Apparel,Topwear,Shirts,Blue,Fall,2011,Casual,Wrangler Men Rain Light Denim Blue Shirts
10224,Women,Accessories,Bags,Handbags,Brown,Winter,2015,Casual,Murcia Women Asjke Brown Brown Handbags
10016,Women,Apparel,Dress,Dresses,Pink,Summer,2011,Casual,Palm Tree Girl's Cr Blossom Drs Pink Dresses
10472,Men,Apparel,Topwear,Tshirts,Purple,Fall,2011,Casual,Flying Machine Men HS Purple Tshirts
10640,Men,Footwear,Shoes,Casual Shoes,Black,Fall,2011,Sports,Nike Men Nike Elite Black Casual Shoes
10486,Men,Apparel,Topwear,Tshirts,Black,Fall,2011,Casual,Flying Machine Men Black Polo Tshirts
10081,Men,Footwear,Shoes,Sports Shoes,White,Fall,2011,Sports,Reebok Men Zigdynamic White Sports Shoes
10411,Women,Apparel,Topwear,Tshirts,Purple,Fall,2011,Casual,United Colors of Benetton Women Printed Purple T-shirt
10623,Women,Footwear,Flip Flops,Flip Flops,Gold,Fall,2011,Casual,Carlton London Women Glitterati Gold Slippers
10247,Women,Accessories,Bags,Handbags,Brown,Winter,2015,Casual,Murcia Women Zoe Brown Handbags
10075,Men,Apparel,Topwear,Tshirts,Red,Fall,2011,Casual,Puma Men ducati heritage logo tee Red Tshirts
10849,Men,Apparel,Topwear,Tshirts,Maroon,Fall,2011,Casual,Wrangler Men Famous Filafil Maroon T-Shirts
10882,Men,Apparel,Topwear,Tshirts,Blue,Fall,2011,Casual,Wrangler Men Blue American Photo Print T-shirt
10876,Men,Apparel,Topwear,Tshirts,Grey,Fall,2011,Casual,Wrangler Men Motor City Grey T-Shirts
10278,Men,Footwear,Shoes,Casual Shoes,Brown,Fall,2011,Casual,Clarks Men Nature Easy Mahogany Leather Brown Casual Shoes
10072,Women,Apparel,Topwear,Tshirts,White,Fall,2011,Casual,Puma Women poster tee White Tshirts
10240,Men,Accessories,Watches,Watches,Copper,Winter,2016,Casual,Esprit Men Gran Orbit Rosegold Copper Watches
10624,Women,Footwear,Shoes,Heels,Copper,Fall,2011,Casual,Carlton London Women Glitterati Copper Platforms
10429,Women,Apparel,Topwear,Tops,Black,Fall,2011,Casual,United Colors of Benetton Women Solid Black Top
10871,Men,Apparel,Topwear,Tshirts,Grey,Fall,2011,Casual,Wrangler Men Dirtcross Grey T-Shirts
10885,Men,Apparel,Topwear,Tshirts,Teal,Fall,2011,Casual,Wrangler Men Glow in Dark Teal T-shirt
10612,Men,Apparel,Topwear,Shirts,Maroon,Fall,2011,Casual,Flying Machine Men Ydc Maroon Shirts
10044,Men,Apparel,Topwear,Tshirts,Black,Fall,2011,Casual,Puma Men Ferrari Logo Black Tshirts
10878,Men,Apparel,Topwear,Tshirts,Red,Fall,2011,Casual,Wrangler Men Red Polo Tshirts
10276,Men,Footwear,Shoes,Formal Shoes,Black,Fall,2011,Formal,Clarks Men Leather Black Formal Shoes
10282,Women,Footwear,Shoes,Flats,Black,Winter,2013,Casual,Clarks Women Spice Pat Black Flats
10249,Women,Accessories,Bags,Handbags,Brown,Winter,2015,Casual,Murcia Women Hahk Brown Handbags
10285,Men,Footwear,Shoes,Formal Shoes,Black,Fall,2012,Formal,Clarks Men Goya Rates Leather Black Formal Shoes
10271,Women,Footwear,Shoes,Heels,Red,Fall,2012,Casual,Clarks Women Sona Silk Leather Red Heels
10043,Men,Apparel,Topwear,Tshirts,Black,Fall,2011,Casual,Puma Men ferrari Black Polo Tshirts
10427,Men,Apparel,Topwear,Shirts,Red,Fall,2011,Casual,United Colors of Benetton Men Checks Red Shirts
10615,Women,Footwear,Shoes,Casual Shoes,Cream,Fall,2011,Casual,Carlton London Women balle Grey Casual Shoes
10088,Men,Footwear,Shoes,Sports Shoes,Silver,Fall,2011,Sports,Reebok Men Racehound Silver Sports Shoes
10418,Women,Apparel,Topwear,Tops,Black,Fall,2011,Casual,United Colors of Benetton Women Solid Black Tops
10840,Men,Apparel,Topwear,Tshirts,Green,Fall,2011,Casual,Wrangler Men Green Polo T-shirt
10814,Men,Apparel,Topwear,Shirts,Purple,Fall,2011,Casual,Wrangler Men Easter Bright Amslar Purple Shirt
10028,Women,Apparel,Topwear,Tshirts,White,Fall,2011,Sports,Nike Women As Club Jerse White T-Shirts
10487,Men,Apparel,Bottomwear,Jeans,Blue,Fall,2011,Casual,Flying Machine Men Midrise Blue Jeans
10017,Women,Apparel,Topwear,Jackets,Blue,Fall,2011,Sports,Nike Women As The Windru Blue Jackets
10225,Women,Accessories,Bags,Handbags,Beige,Winter,2015,Casual,Murcia Women Hahk Beige Handbags
10641,Men,Apparel,Topwear,Tshirts,Red,Fall,2011,Casual,Doodle Boy D Print Red T-shirt
10473,Men,Apparel,Topwear,Shirts,Grey,Fall,2011,Casual,Flying Machine Men FS Solid Grey Shirts
10813,Men,Apparel,Topwear,Shirts,Black,Fall,2011,Casual,Wrangler Men Dirt Rider Check Black Shirts
10474,Men,Apparel,Topwear,Shirts,Black,Fall,2011,Casual,Flying Machine Men Ydc Black Shirts
10646,Men,Apparel,Topwear,Tshirts,Red,Fall,2011,Casual,Doodle Boy Athlethic Red Tshirts
10222,Women,Accessories,Bags,Handbags,Grey,Winter,2015,Casual,Murcia Women Zoe Grey Handbags
10010,Men,Apparel,Topwear,Tshirts,Black,Fall,2011,Sports,Nike Men As Showdown F Black T-Shirts
10480,Men,Apparel,Topwear,Shirts,Yellow,Fall,2011,Casual,Flying Machine Men SS Yellow Shirts
10825,Men,Apparel,Topwear,Tshirts,Green,Fall,2011,Casual,Wrangler Men Green Polo T-shirt
10019,Women,Apparel,Topwear,Tshirts,White,Fall,2011,Sports,Nike Women As Miler Ss White T-Shirts
10489,Men,Apparel,Bottomwear,Jeans,Blue,Winter,2016,Casual,Flying Machine Men Midrise Blue Jeans
10214,Women,Accessories,Bags,Handbags,Brown,Winter,2015,Casual,Murcia Women Rubena Brown Handbags
10026,Women,Apparel,Topwear,Tshirts,Black,Fall,2011,Sports,Nike Women As Challenger Black T-Shirts
10442,Men,Apparel,Topwear,Tshirts,Blue,Fall,2011,Casual,Flying Machine Men HS True Blue Tshirts
10670,Men,Apparel,Topwear,Tshirts,Black,Fall,2011,Casual,Doodle Boy Stop global warming Black Tshirts
10684,Men,Apparel,Topwear,Tshirts,Blue,Fall,2011,Casual,Doodle Boy Athlethic Blue Tshirts
10822,Men,Apparel,Topwear,Tshirts,Navy Blue,Fall,2011,Casual,Wrangler Men Navy Blue Polo Tshirts
10683,Men,Apparel,Topwear,Tshirts,Blue,Fall,2011,Casual,Doodle Boy Athlethic Blue Tshirts
10677,Women,Apparel,Topwear,Tops,Pink,Fall,2011,Casual,Doodle Girl Flap doodle angel Pink Tops
10445,Men,Apparel,Bottomwear,Jeans,Blue,Fall,2011,Casual,Flying Machine Men Midrise Blue Jeans
10021,Men,Apparel,Bottomwear,Shorts,White,Spring,2013,Sports,Nike Men As Woven Shor White Shorts
10213,Women,Accessories,Bags,Handbags,Black,Winter,2015,Casual,Murcia Women Hahk Black Handbags

